<?xml version="1.0" encoding="UTF-8"?>
<kml xmlns="http://www.opengis.net/kml/2.2">
  <Document>
    <name>Copy of Lane instructor driving zones</name>
    <description/>
    <Style id="icon-1899-0288D1-normal">
      <IconStyle>
        <scale>1</scale>
        <Icon>
          <href>images/icon-1.png</href>
        </Icon>
        <hotSpot x="32" xunits="pixels" y="64" yunits="insetPixels"/>
      </IconStyle>
      <LabelStyle>
        <scale>0</scale>
      </LabelStyle>
    </Style>
    <Style id="icon-1899-0288D1-highlight">
      <IconStyle>
        <scale>1</scale>
        <Icon>
          <href>images/icon-1.png</href>
        </Icon>
        <hotSpot x="32" xunits="pixels" y="64" yunits="insetPixels"/>
      </IconStyle>
      <LabelStyle>
        <scale>1</scale>
      </LabelStyle>
    </Style>
    <StyleMap id="icon-1899-0288D1">
      <Pair>
        <key>normal</key>
        <styleUrl>#icon-1899-0288D1-normal</styleUrl>
      </Pair>
      <Pair>
        <key>highlight</key>
        <styleUrl>#icon-1899-0288D1-highlight</styleUrl>
      </Pair>
    </StyleMap>
    <Style id="icon-1899-0288D1-nodesc-normal">
      <IconStyle>
        <scale>1</scale>
        <Icon>
          <href>images/icon-1.png</href>
        </Icon>
        <hotSpot x="32" xunits="pixels" y="64" yunits="insetPixels"/>
      </IconStyle>
      <LabelStyle>
        <scale>0</scale>
      </LabelStyle>
      <BalloonStyle>
        <text><![CDATA[<h3>$[name]</h3>]]></text>
      </BalloonStyle>
    </Style>
    <Style id="icon-1899-0288D1-nodesc-highlight">
      <IconStyle>
        <scale>1</scale>
        <Icon>
          <href>images/icon-1.png</href>
        </Icon>
        <hotSpot x="32" xunits="pixels" y="64" yunits="insetPixels"/>
      </IconStyle>
      <LabelStyle>
        <scale>1</scale>
      </LabelStyle>
      <BalloonStyle>
        <text><![CDATA[<h3>$[name]</h3>]]></text>
      </BalloonStyle>
    </Style>
    <StyleMap id="icon-1899-0288D1-nodesc">
      <Pair>
        <key>normal</key>
        <styleUrl>#icon-1899-0288D1-nodesc-normal</styleUrl>
      </Pair>
      <Pair>
        <key>highlight</key>
        <styleUrl>#icon-1899-0288D1-nodesc-highlight</styleUrl>
      </Pair>
    </StyleMap>
    <Style id="poly-000000-1-153-nodesc-normal">
      <LineStyle>
        <color>ff000000</color>
        <width>0.001</width>
      </LineStyle>
      <PolyStyle>
        <color>99000000</color>
        <fill>1</fill>
        <outline>1</outline>
      </PolyStyle>
      <BalloonStyle>
        <text><![CDATA[<h3>$[name]</h3>]]></text>
      </BalloonStyle>
    </Style>
    <Style id="poly-000000-1-153-nodesc-highlight">
      <LineStyle>
        <color>ff000000</color>
        <width>0.0015</width>
      </LineStyle>
      <PolyStyle>
        <color>99000000</color>
        <fill>1</fill>
        <outline>1</outline>
      </PolyStyle>
      <BalloonStyle>
        <text><![CDATA[<h3>$[name]</h3>]]></text>
      </BalloonStyle>
    </Style>
    <StyleMap id="poly-000000-1-153-nodesc">
      <Pair>
        <key>normal</key>
        <styleUrl>#poly-000000-1-153-nodesc-normal</styleUrl>
      </Pair>
      <Pair>
        <key>highlight</key>
        <styleUrl>#poly-000000-1-153-nodesc-highlight</styleUrl>
      </Pair>
    </StyleMap>
    <Style id="poly-000000-1200-0-normal">
      <LineStyle>
        <color>ff000000</color>
        <width>1.2</width>
      </LineStyle>
      <PolyStyle>
        <color>00000000</color>
        <fill>1</fill>
        <outline>1</outline>
      </PolyStyle>
    </Style>
    <Style id="poly-000000-1200-0-highlight">
      <LineStyle>
        <color>ff000000</color>
        <width>1.8</width>
      </LineStyle>
      <PolyStyle>
        <color>00000000</color>
        <fill>1</fill>
        <outline>1</outline>
      </PolyStyle>
    </Style>
    <StyleMap id="poly-000000-1200-0">
      <Pair>
        <key>normal</key>
        <styleUrl>#poly-000000-1200-0-normal</styleUrl>
      </Pair>
      <Pair>
        <key>highlight</key>
        <styleUrl>#poly-000000-1200-0-highlight</styleUrl>
      </Pair>
    </StyleMap>
    <Style id="poly-000000-1200-77-normal">
      <LineStyle>
        <color>ff000000</color>
        <width>1.2</width>
      </LineStyle>
      <PolyStyle>
        <color>4d000000</color>
        <fill>1</fill>
        <outline>1</outline>
      </PolyStyle>
    </Style>
    <Style id="poly-000000-1200-77-highlight">
      <LineStyle>
        <color>ff000000</color>
        <width>1.8</width>
      </LineStyle>
      <PolyStyle>
        <color>4d000000</color>
        <fill>1</fill>
        <outline>1</outline>
      </PolyStyle>
    </Style>
    <StyleMap id="poly-000000-1200-77">
      <Pair>
        <key>normal</key>
        <styleUrl>#poly-000000-1200-77-normal</styleUrl>
      </Pair>
      <Pair>
        <key>highlight</key>
        <styleUrl>#poly-000000-1200-77-highlight</styleUrl>
      </Pair>
    </StyleMap>
    <Style id="poly-000000-1200-77-nodesc-normal">
      <LineStyle>
        <color>ff000000</color>
        <width>1.2</width>
      </LineStyle>
      <PolyStyle>
        <color>4d000000</color>
        <fill>1</fill>
        <outline>1</outline>
      </PolyStyle>
      <BalloonStyle>
        <text><![CDATA[<h3>$[name]</h3>]]></text>
      </BalloonStyle>
    </Style>
    <Style id="poly-000000-1200-77-nodesc-highlight">
      <LineStyle>
        <color>ff000000</color>
        <width>1.8</width>
      </LineStyle>
      <PolyStyle>
        <color>4d000000</color>
        <fill>1</fill>
        <outline>1</outline>
      </PolyStyle>
      <BalloonStyle>
        <text><![CDATA[<h3>$[name]</h3>]]></text>
      </BalloonStyle>
    </Style>
    <StyleMap id="poly-000000-1200-77-nodesc">
      <Pair>
        <key>normal</key>
        <styleUrl>#poly-000000-1200-77-nodesc-normal</styleUrl>
      </Pair>
      <Pair>
        <key>highlight</key>
        <styleUrl>#poly-000000-1200-77-nodesc-highlight</styleUrl>
      </Pair>
    </StyleMap>
    <Style id="poly-000000-1200-82-normal">
      <LineStyle>
        <color>ff000000</color>
        <width>1.2</width>
      </LineStyle>
      <PolyStyle>
        <color>52000000</color>
        <fill>1</fill>
        <outline>1</outline>
      </PolyStyle>
    </Style>
    <Style id="poly-000000-1200-82-highlight">
      <LineStyle>
        <color>ff000000</color>
        <width>1.8</width>
      </LineStyle>
      <PolyStyle>
        <color>52000000</color>
        <fill>1</fill>
        <outline>1</outline>
      </PolyStyle>
    </Style>
    <StyleMap id="poly-000000-1200-82">
      <Pair>
        <key>normal</key>
        <styleUrl>#poly-000000-1200-82-normal</styleUrl>
      </Pair>
      <Pair>
        <key>highlight</key>
        <styleUrl>#poly-000000-1200-82-highlight</styleUrl>
      </Pair>
    </StyleMap>
    <Style id="poly-000000-801-120-normal">
      <LineStyle>
        <color>ff000000</color>
        <width>0.801</width>
      </LineStyle>
      <PolyStyle>
        <color>78000000</color>
        <fill>1</fill>
        <outline>1</outline>
      </PolyStyle>
    </Style>
    <Style id="poly-000000-801-120-highlight">
      <LineStyle>
        <color>ff000000</color>
        <width>1.2015</width>
      </LineStyle>
      <PolyStyle>
        <color>78000000</color>
        <fill>1</fill>
        <outline>1</outline>
      </PolyStyle>
    </Style>
    <StyleMap id="poly-000000-801-120">
      <Pair>
        <key>normal</key>
        <styleUrl>#poly-000000-801-120-normal</styleUrl>
      </Pair>
      <Pair>
        <key>highlight</key>
        <styleUrl>#poly-000000-801-120-highlight</styleUrl>
      </Pair>
    </StyleMap>
    <Style id="poly-006064-1200-77-normal">
      <LineStyle>
        <color>ff646000</color>
        <width>1.2</width>
      </LineStyle>
      <PolyStyle>
        <color>4d646000</color>
        <fill>1</fill>
        <outline>1</outline>
      </PolyStyle>
    </Style>
    <Style id="poly-006064-1200-77-highlight">
      <LineStyle>
        <color>ff646000</color>
        <width>1.8</width>
      </LineStyle>
      <PolyStyle>
        <color>4d646000</color>
        <fill>1</fill>
        <outline>1</outline>
      </PolyStyle>
    </Style>
    <StyleMap id="poly-006064-1200-77">
      <Pair>
        <key>normal</key>
        <styleUrl>#poly-006064-1200-77-normal</styleUrl>
      </Pair>
      <Pair>
        <key>highlight</key>
        <styleUrl>#poly-006064-1200-77-highlight</styleUrl>
      </Pair>
    </StyleMap>
    <Style id="poly-01579B-1200-0-normal">
      <LineStyle>
        <color>ff9b5701</color>
        <width>1.2</width>
      </LineStyle>
      <PolyStyle>
        <color>009b5701</color>
        <fill>1</fill>
        <outline>1</outline>
      </PolyStyle>
    </Style>
    <Style id="poly-01579B-1200-0-highlight">
      <LineStyle>
        <color>ff9b5701</color>
        <width>1.8</width>
      </LineStyle>
      <PolyStyle>
        <color>009b5701</color>
        <fill>1</fill>
        <outline>1</outline>
      </PolyStyle>
    </Style>
    <StyleMap id="poly-01579B-1200-0">
      <Pair>
        <key>normal</key>
        <styleUrl>#poly-01579B-1200-0-normal</styleUrl>
      </Pair>
      <Pair>
        <key>highlight</key>
        <styleUrl>#poly-01579B-1200-0-highlight</styleUrl>
      </Pair>
    </StyleMap>
    <Style id="poly-01579B-1200-112-normal">
      <LineStyle>
        <color>ff9b5701</color>
        <width>1.2</width>
      </LineStyle>
      <PolyStyle>
        <color>709b5701</color>
        <fill>1</fill>
        <outline>1</outline>
      </PolyStyle>
    </Style>
    <Style id="poly-01579B-1200-112-highlight">
      <LineStyle>
        <color>ff9b5701</color>
        <width>1.8</width>
      </LineStyle>
      <PolyStyle>
        <color>709b5701</color>
        <fill>1</fill>
        <outline>1</outline>
      </PolyStyle>
    </Style>
    <StyleMap id="poly-01579B-1200-112">
      <Pair>
        <key>normal</key>
        <styleUrl>#poly-01579B-1200-112-normal</styleUrl>
      </Pair>
      <Pair>
        <key>highlight</key>
        <styleUrl>#poly-01579B-1200-112-highlight</styleUrl>
      </Pair>
    </StyleMap>
    <Style id="poly-01579B-1200-77-normal">
      <LineStyle>
        <color>ff9b5701</color>
        <width>1.2</width>
      </LineStyle>
      <PolyStyle>
        <color>4d9b5701</color>
        <fill>1</fill>
        <outline>1</outline>
      </PolyStyle>
    </Style>
    <Style id="poly-01579B-1200-77-highlight">
      <LineStyle>
        <color>ff9b5701</color>
        <width>1.8</width>
      </LineStyle>
      <PolyStyle>
        <color>4d9b5701</color>
        <fill>1</fill>
        <outline>1</outline>
      </PolyStyle>
    </Style>
    <StyleMap id="poly-01579B-1200-77">
      <Pair>
        <key>normal</key>
        <styleUrl>#poly-01579B-1200-77-normal</styleUrl>
      </Pair>
      <Pair>
        <key>highlight</key>
        <styleUrl>#poly-01579B-1200-77-highlight</styleUrl>
      </Pair>
    </StyleMap>
    <Style id="poly-01579B-1200-94-normal">
      <LineStyle>
        <color>ff9b5701</color>
        <width>1.2</width>
      </LineStyle>
      <PolyStyle>
        <color>5e9b5701</color>
        <fill>1</fill>
        <outline>1</outline>
      </PolyStyle>
    </Style>
    <Style id="poly-01579B-1200-94-highlight">
      <LineStyle>
        <color>ff9b5701</color>
        <width>1.8</width>
      </LineStyle>
      <PolyStyle>
        <color>5e9b5701</color>
        <fill>1</fill>
        <outline>1</outline>
      </PolyStyle>
    </Style>
    <StyleMap id="poly-01579B-1200-94">
      <Pair>
        <key>normal</key>
        <styleUrl>#poly-01579B-1200-94-normal</styleUrl>
      </Pair>
      <Pair>
        <key>highlight</key>
        <styleUrl>#poly-01579B-1200-94-highlight</styleUrl>
      </Pair>
    </StyleMap>
    <Style id="poly-0288D1-1200-135-normal">
      <LineStyle>
        <color>ffd18802</color>
        <width>1.2</width>
      </LineStyle>
      <PolyStyle>
        <color>87d18802</color>
        <fill>1</fill>
        <outline>1</outline>
      </PolyStyle>
    </Style>
    <Style id="poly-0288D1-1200-135-highlight">
      <LineStyle>
        <color>ffd18802</color>
        <width>1.8</width>
      </LineStyle>
      <PolyStyle>
        <color>87d18802</color>
        <fill>1</fill>
        <outline>1</outline>
      </PolyStyle>
    </Style>
    <StyleMap id="poly-0288D1-1200-135">
      <Pair>
        <key>normal</key>
        <styleUrl>#poly-0288D1-1200-135-normal</styleUrl>
      </Pair>
      <Pair>
        <key>highlight</key>
        <styleUrl>#poly-0288D1-1200-135-highlight</styleUrl>
      </Pair>
    </StyleMap>
    <Style id="poly-097138-1-0-normal">
      <LineStyle>
        <color>ff387109</color>
        <width>0.001</width>
      </LineStyle>
      <PolyStyle>
        <color>00387109</color>
        <fill>1</fill>
        <outline>1</outline>
      </PolyStyle>
    </Style>
    <Style id="poly-097138-1-0-highlight">
      <LineStyle>
        <color>ff387109</color>
        <width>0.0015</width>
      </LineStyle>
      <PolyStyle>
        <color>00387109</color>
        <fill>1</fill>
        <outline>1</outline>
      </PolyStyle>
    </Style>
    <StyleMap id="poly-097138-1-0">
      <Pair>
        <key>normal</key>
        <styleUrl>#poly-097138-1-0-normal</styleUrl>
      </Pair>
      <Pair>
        <key>highlight</key>
        <styleUrl>#poly-097138-1-0-highlight</styleUrl>
      </Pair>
    </StyleMap>
    <Style id="poly-097138-1-112-normal">
      <LineStyle>
        <color>ff387109</color>
        <width>0.001</width>
      </LineStyle>
      <PolyStyle>
        <color>70387109</color>
        <fill>1</fill>
        <outline>1</outline>
      </PolyStyle>
    </Style>
    <Style id="poly-097138-1-112-highlight">
      <LineStyle>
        <color>ff387109</color>
        <width>0.0015</width>
      </LineStyle>
      <PolyStyle>
        <color>70387109</color>
        <fill>1</fill>
        <outline>1</outline>
      </PolyStyle>
    </Style>
    <StyleMap id="poly-097138-1-112">
      <Pair>
        <key>normal</key>
        <styleUrl>#poly-097138-1-112-normal</styleUrl>
      </Pair>
      <Pair>
        <key>highlight</key>
        <styleUrl>#poly-097138-1-112-highlight</styleUrl>
      </Pair>
    </StyleMap>
    <Style id="poly-097138-1-97-normal">
      <LineStyle>
        <color>ff387109</color>
        <width>0.001</width>
      </LineStyle>
      <PolyStyle>
        <color>61387109</color>
        <fill>1</fill>
        <outline>1</outline>
      </PolyStyle>
    </Style>
    <Style id="poly-097138-1-97-highlight">
      <LineStyle>
        <color>ff387109</color>
        <width>0.0015</width>
      </LineStyle>
      <PolyStyle>
        <color>61387109</color>
        <fill>1</fill>
        <outline>1</outline>
      </PolyStyle>
    </Style>
    <StyleMap id="poly-097138-1-97">
      <Pair>
        <key>normal</key>
        <styleUrl>#poly-097138-1-97-normal</styleUrl>
      </Pair>
      <Pair>
        <key>highlight</key>
        <styleUrl>#poly-097138-1-97-highlight</styleUrl>
      </Pair>
    </StyleMap>
    <Style id="poly-097138-1200-112-normal">
      <LineStyle>
        <color>ff387109</color>
        <width>1.2</width>
      </LineStyle>
      <PolyStyle>
        <color>70387109</color>
        <fill>1</fill>
        <outline>1</outline>
      </PolyStyle>
    </Style>
    <Style id="poly-097138-1200-112-highlight">
      <LineStyle>
        <color>ff387109</color>
        <width>1.8</width>
      </LineStyle>
      <PolyStyle>
        <color>70387109</color>
        <fill>1</fill>
        <outline>1</outline>
      </PolyStyle>
    </Style>
    <StyleMap id="poly-097138-1200-112">
      <Pair>
        <key>normal</key>
        <styleUrl>#poly-097138-1200-112-normal</styleUrl>
      </Pair>
      <Pair>
        <key>highlight</key>
        <styleUrl>#poly-097138-1200-112-highlight</styleUrl>
      </Pair>
    </StyleMap>
    <Style id="poly-0F9D58-1200-77-normal">
      <LineStyle>
        <color>ff589d0f</color>
        <width>1.2</width>
      </LineStyle>
      <PolyStyle>
        <color>4d589d0f</color>
        <fill>1</fill>
        <outline>1</outline>
      </PolyStyle>
    </Style>
    <Style id="poly-0F9D58-1200-77-highlight">
      <LineStyle>
        <color>ff589d0f</color>
        <width>1.8</width>
      </LineStyle>
      <PolyStyle>
        <color>4d589d0f</color>
        <fill>1</fill>
        <outline>1</outline>
      </PolyStyle>
    </Style>
    <StyleMap id="poly-0F9D58-1200-77">
      <Pair>
        <key>normal</key>
        <styleUrl>#poly-0F9D58-1200-77-normal</styleUrl>
      </Pair>
      <Pair>
        <key>highlight</key>
        <styleUrl>#poly-0F9D58-1200-77-highlight</styleUrl>
      </Pair>
    </StyleMap>
    <Style id="poly-1A237E-1200-77-normal">
      <LineStyle>
        <color>ff7e231a</color>
        <width>1.2</width>
      </LineStyle>
      <PolyStyle>
        <color>4d7e231a</color>
        <fill>1</fill>
        <outline>1</outline>
      </PolyStyle>
    </Style>
    <Style id="poly-1A237E-1200-77-highlight">
      <LineStyle>
        <color>ff7e231a</color>
        <width>1.8</width>
      </LineStyle>
      <PolyStyle>
        <color>4d7e231a</color>
        <fill>1</fill>
        <outline>1</outline>
      </PolyStyle>
    </Style>
    <StyleMap id="poly-1A237E-1200-77">
      <Pair>
        <key>normal</key>
        <styleUrl>#poly-1A237E-1200-77-normal</styleUrl>
      </Pair>
      <Pair>
        <key>highlight</key>
        <styleUrl>#poly-1A237E-1200-77-highlight</styleUrl>
      </Pair>
    </StyleMap>
    <Style id="poly-558B2F-1-125-normal">
      <LineStyle>
        <color>ff2f8b55</color>
        <width>0.001</width>
      </LineStyle>
      <PolyStyle>
        <color>7d2f8b55</color>
        <fill>1</fill>
        <outline>1</outline>
      </PolyStyle>
    </Style>
    <Style id="poly-558B2F-1-125-highlight">
      <LineStyle>
        <color>ff2f8b55</color>
        <width>0.0015</width>
      </LineStyle>
      <PolyStyle>
        <color>7d2f8b55</color>
        <fill>1</fill>
        <outline>1</outline>
      </PolyStyle>
    </Style>
    <StyleMap id="poly-558B2F-1-125">
      <Pair>
        <key>normal</key>
        <styleUrl>#poly-558B2F-1-125-normal</styleUrl>
      </Pair>
      <Pair>
        <key>highlight</key>
        <styleUrl>#poly-558B2F-1-125-highlight</styleUrl>
      </Pair>
    </StyleMap>
    <Style id="poly-558B2F-1200-125-normal">
      <LineStyle>
        <color>ff2f8b55</color>
        <width>1.2</width>
      </LineStyle>
      <PolyStyle>
        <color>7d2f8b55</color>
        <fill>1</fill>
        <outline>1</outline>
      </PolyStyle>
    </Style>
    <Style id="poly-558B2F-1200-125-highlight">
      <LineStyle>
        <color>ff2f8b55</color>
        <width>1.8</width>
      </LineStyle>
      <PolyStyle>
        <color>7d2f8b55</color>
        <fill>1</fill>
        <outline>1</outline>
      </PolyStyle>
    </Style>
    <StyleMap id="poly-558B2F-1200-125">
      <Pair>
        <key>normal</key>
        <styleUrl>#poly-558B2F-1200-125-normal</styleUrl>
      </Pair>
      <Pair>
        <key>highlight</key>
        <styleUrl>#poly-558B2F-1200-125-highlight</styleUrl>
      </Pair>
    </StyleMap>
    <Style id="poly-673AB7-1-0-normal">
      <LineStyle>
        <color>ffb73a67</color>
        <width>0.001</width>
      </LineStyle>
      <PolyStyle>
        <color>00b73a67</color>
        <fill>1</fill>
        <outline>1</outline>
      </PolyStyle>
    </Style>
    <Style id="poly-673AB7-1-0-highlight">
      <LineStyle>
        <color>ffb73a67</color>
        <width>0.0015</width>
      </LineStyle>
      <PolyStyle>
        <color>00b73a67</color>
        <fill>1</fill>
        <outline>1</outline>
      </PolyStyle>
    </Style>
    <StyleMap id="poly-673AB7-1-0">
      <Pair>
        <key>normal</key>
        <styleUrl>#poly-673AB7-1-0-normal</styleUrl>
      </Pair>
      <Pair>
        <key>highlight</key>
        <styleUrl>#poly-673AB7-1-0-highlight</styleUrl>
      </Pair>
    </StyleMap>
    <Style id="poly-673AB7-1401-66-normal">
      <LineStyle>
        <color>ffb73a67</color>
        <width>1.401</width>
      </LineStyle>
      <PolyStyle>
        <color>42b73a67</color>
        <fill>1</fill>
        <outline>1</outline>
      </PolyStyle>
    </Style>
    <Style id="poly-673AB7-1401-66-highlight">
      <LineStyle>
        <color>ffb73a67</color>
        <width>2.1015</width>
      </LineStyle>
      <PolyStyle>
        <color>42b73a67</color>
        <fill>1</fill>
        <outline>1</outline>
      </PolyStyle>
    </Style>
    <StyleMap id="poly-673AB7-1401-66">
      <Pair>
        <key>normal</key>
        <styleUrl>#poly-673AB7-1401-66-normal</styleUrl>
      </Pair>
      <Pair>
        <key>highlight</key>
        <styleUrl>#poly-673AB7-1401-66-highlight</styleUrl>
      </Pair>
    </StyleMap>
    <Style id="poly-7CB342-1-0-normal">
      <LineStyle>
        <color>ff42b37c</color>
        <width>0.001</width>
      </LineStyle>
      <PolyStyle>
        <color>0042b37c</color>
        <fill>1</fill>
        <outline>1</outline>
      </PolyStyle>
    </Style>
    <Style id="poly-7CB342-1-0-highlight">
      <LineStyle>
        <color>ff42b37c</color>
        <width>0.0015</width>
      </LineStyle>
      <PolyStyle>
        <color>0042b37c</color>
        <fill>1</fill>
        <outline>1</outline>
      </PolyStyle>
    </Style>
    <StyleMap id="poly-7CB342-1-0">
      <Pair>
        <key>normal</key>
        <styleUrl>#poly-7CB342-1-0-normal</styleUrl>
      </Pair>
      <Pair>
        <key>highlight</key>
        <styleUrl>#poly-7CB342-1-0-highlight</styleUrl>
      </Pair>
    </StyleMap>
    <Style id="poly-7CB342-1-112-normal">
      <LineStyle>
        <color>ff42b37c</color>
        <width>0.001</width>
      </LineStyle>
      <PolyStyle>
        <color>7042b37c</color>
        <fill>1</fill>
        <outline>1</outline>
      </PolyStyle>
    </Style>
    <Style id="poly-7CB342-1-112-highlight">
      <LineStyle>
        <color>ff42b37c</color>
        <width>0.0015</width>
      </LineStyle>
      <PolyStyle>
        <color>7042b37c</color>
        <fill>1</fill>
        <outline>1</outline>
      </PolyStyle>
    </Style>
    <StyleMap id="poly-7CB342-1-112">
      <Pair>
        <key>normal</key>
        <styleUrl>#poly-7CB342-1-112-normal</styleUrl>
      </Pair>
      <Pair>
        <key>highlight</key>
        <styleUrl>#poly-7CB342-1-112-highlight</styleUrl>
      </Pair>
    </StyleMap>
    <Style id="poly-7CB342-1200-156-normal">
      <LineStyle>
        <color>ff42b37c</color>
        <width>1.2</width>
      </LineStyle>
      <PolyStyle>
        <color>9c42b37c</color>
        <fill>1</fill>
        <outline>1</outline>
      </PolyStyle>
    </Style>
    <Style id="poly-7CB342-1200-156-highlight">
      <LineStyle>
        <color>ff42b37c</color>
        <width>1.8</width>
      </LineStyle>
      <PolyStyle>
        <color>9c42b37c</color>
        <fill>1</fill>
        <outline>1</outline>
      </PolyStyle>
    </Style>
    <StyleMap id="poly-7CB342-1200-156">
      <Pair>
        <key>normal</key>
        <styleUrl>#poly-7CB342-1200-156-normal</styleUrl>
      </Pair>
      <Pair>
        <key>highlight</key>
        <styleUrl>#poly-7CB342-1200-156-highlight</styleUrl>
      </Pair>
    </StyleMap>
    <Style id="poly-817717-1200-0-normal">
      <LineStyle>
        <color>ff177781</color>
        <width>1.2</width>
      </LineStyle>
      <PolyStyle>
        <color>00177781</color>
        <fill>1</fill>
        <outline>1</outline>
      </PolyStyle>
    </Style>
    <Style id="poly-817717-1200-0-highlight">
      <LineStyle>
        <color>ff177781</color>
        <width>1.8</width>
      </LineStyle>
      <PolyStyle>
        <color>00177781</color>
        <fill>1</fill>
        <outline>1</outline>
      </PolyStyle>
    </Style>
    <StyleMap id="poly-817717-1200-0">
      <Pair>
        <key>normal</key>
        <styleUrl>#poly-817717-1200-0-normal</styleUrl>
      </Pair>
      <Pair>
        <key>highlight</key>
        <styleUrl>#poly-817717-1200-0-highlight</styleUrl>
      </Pair>
    </StyleMap>
    <Style id="poly-880E4F-1-135-normal">
      <LineStyle>
        <color>ff4f0e88</color>
        <width>0.001</width>
      </LineStyle>
      <PolyStyle>
        <color>874f0e88</color>
        <fill>1</fill>
        <outline>1</outline>
      </PolyStyle>
    </Style>
    <Style id="poly-880E4F-1-135-highlight">
      <LineStyle>
        <color>ff4f0e88</color>
        <width>0.0015</width>
      </LineStyle>
      <PolyStyle>
        <color>874f0e88</color>
        <fill>1</fill>
        <outline>1</outline>
      </PolyStyle>
    </Style>
    <StyleMap id="poly-880E4F-1-135">
      <Pair>
        <key>normal</key>
        <styleUrl>#poly-880E4F-1-135-normal</styleUrl>
      </Pair>
      <Pair>
        <key>highlight</key>
        <styleUrl>#poly-880E4F-1-135-highlight</styleUrl>
      </Pair>
    </StyleMap>
    <Style id="poly-880E4F-1200-92-normal">
      <LineStyle>
        <color>ff4f0e88</color>
        <width>1.2</width>
      </LineStyle>
      <PolyStyle>
        <color>5c4f0e88</color>
        <fill>1</fill>
        <outline>1</outline>
      </PolyStyle>
    </Style>
    <Style id="poly-880E4F-1200-92-highlight">
      <LineStyle>
        <color>ff4f0e88</color>
        <width>1.8</width>
      </LineStyle>
      <PolyStyle>
        <color>5c4f0e88</color>
        <fill>1</fill>
        <outline>1</outline>
      </PolyStyle>
    </Style>
    <StyleMap id="poly-880E4F-1200-92">
      <Pair>
        <key>normal</key>
        <styleUrl>#poly-880E4F-1200-92-normal</styleUrl>
      </Pair>
      <Pair>
        <key>highlight</key>
        <styleUrl>#poly-880E4F-1200-92-highlight</styleUrl>
      </Pair>
    </StyleMap>
    <Style id="poly-9C27B0-995-161-normal">
      <LineStyle>
        <color>ffb0279c</color>
        <width>0.995</width>
      </LineStyle>
      <PolyStyle>
        <color>a1b0279c</color>
        <fill>1</fill>
        <outline>1</outline>
      </PolyStyle>
    </Style>
    <Style id="poly-9C27B0-995-161-highlight">
      <LineStyle>
        <color>ffb0279c</color>
        <width>1.4925</width>
      </LineStyle>
      <PolyStyle>
        <color>a1b0279c</color>
        <fill>1</fill>
        <outline>1</outline>
      </PolyStyle>
    </Style>
    <StyleMap id="poly-9C27B0-995-161">
      <Pair>
        <key>normal</key>
        <styleUrl>#poly-9C27B0-995-161-normal</styleUrl>
      </Pair>
      <Pair>
        <key>highlight</key>
        <styleUrl>#poly-9C27B0-995-161-highlight</styleUrl>
      </Pair>
    </StyleMap>
    <Style id="poly-A1C2FA-1-176-normal">
      <LineStyle>
        <color>fffac2a1</color>
        <width>0.001</width>
      </LineStyle>
      <PolyStyle>
        <color>b0fac2a1</color>
        <fill>1</fill>
        <outline>1</outline>
      </PolyStyle>
    </Style>
    <Style id="poly-A1C2FA-1-176-highlight">
      <LineStyle>
        <color>fffac2a1</color>
        <width>0.0015</width>
      </LineStyle>
      <PolyStyle>
        <color>b0fac2a1</color>
        <fill>1</fill>
        <outline>1</outline>
      </PolyStyle>
    </Style>
    <StyleMap id="poly-A1C2FA-1-176">
      <Pair>
        <key>normal</key>
        <styleUrl>#poly-A1C2FA-1-176-normal</styleUrl>
      </Pair>
      <Pair>
        <key>highlight</key>
        <styleUrl>#poly-A1C2FA-1-176-highlight</styleUrl>
      </Pair>
    </StyleMap>
    <Style id="poly-B2EBF2-1-0-normal">
      <LineStyle>
        <color>fff2ebb2</color>
        <width>0.001</width>
      </LineStyle>
      <PolyStyle>
        <color>00f2ebb2</color>
        <fill>1</fill>
        <outline>1</outline>
      </PolyStyle>
    </Style>
    <Style id="poly-B2EBF2-1-0-highlight">
      <LineStyle>
        <color>fff2ebb2</color>
        <width>0.0015</width>
      </LineStyle>
      <PolyStyle>
        <color>00f2ebb2</color>
        <fill>1</fill>
        <outline>1</outline>
      </PolyStyle>
    </Style>
    <StyleMap id="poly-B2EBF2-1-0">
      <Pair>
        <key>normal</key>
        <styleUrl>#poly-B2EBF2-1-0-normal</styleUrl>
      </Pair>
      <Pair>
        <key>highlight</key>
        <styleUrl>#poly-B2EBF2-1-0-highlight</styleUrl>
      </Pair>
    </StyleMap>
    <Style id="poly-B2EBF2-1-0-nodesc-normal">
      <LineStyle>
        <color>fff2ebb2</color>
        <width>0.001</width>
      </LineStyle>
      <PolyStyle>
        <color>00f2ebb2</color>
        <fill>1</fill>
        <outline>1</outline>
      </PolyStyle>
      <BalloonStyle>
        <text><![CDATA[<h3>$[name]</h3>]]></text>
      </BalloonStyle>
    </Style>
    <Style id="poly-B2EBF2-1-0-nodesc-highlight">
      <LineStyle>
        <color>fff2ebb2</color>
        <width>0.0015</width>
      </LineStyle>
      <PolyStyle>
        <color>00f2ebb2</color>
        <fill>1</fill>
        <outline>1</outline>
      </PolyStyle>
      <BalloonStyle>
        <text><![CDATA[<h3>$[name]</h3>]]></text>
      </BalloonStyle>
    </Style>
    <StyleMap id="poly-B2EBF2-1-0-nodesc">
      <Pair>
        <key>normal</key>
        <styleUrl>#poly-B2EBF2-1-0-nodesc-normal</styleUrl>
      </Pair>
      <Pair>
        <key>highlight</key>
        <styleUrl>#poly-B2EBF2-1-0-nodesc-highlight</styleUrl>
      </Pair>
    </StyleMap>
    <Style id="poly-BDBDBD-301-0-nodesc-normal">
      <LineStyle>
        <color>ffbdbdbd</color>
        <width>0.301</width>
      </LineStyle>
      <PolyStyle>
        <color>00bdbdbd</color>
        <fill>1</fill>
        <outline>1</outline>
      </PolyStyle>
      <BalloonStyle>
        <text><![CDATA[<h3>$[name]</h3>]]></text>
      </BalloonStyle>
    </Style>
    <Style id="poly-BDBDBD-301-0-nodesc-highlight">
      <LineStyle>
        <color>ffbdbdbd</color>
        <width>0.4515</width>
      </LineStyle>
      <PolyStyle>
        <color>00bdbdbd</color>
        <fill>1</fill>
        <outline>1</outline>
      </PolyStyle>
      <BalloonStyle>
        <text><![CDATA[<h3>$[name]</h3>]]></text>
      </BalloonStyle>
    </Style>
    <StyleMap id="poly-BDBDBD-301-0-nodesc">
      <Pair>
        <key>normal</key>
        <styleUrl>#poly-BDBDBD-301-0-nodesc-normal</styleUrl>
      </Pair>
      <Pair>
        <key>highlight</key>
        <styleUrl>#poly-BDBDBD-301-0-nodesc-highlight</styleUrl>
      </Pair>
    </StyleMap>
    <Style id="poly-C2185B-1-125-nodesc-normal">
      <LineStyle>
        <color>ff5b18c2</color>
        <width>0.001</width>
      </LineStyle>
      <PolyStyle>
        <color>7d5b18c2</color>
        <fill>1</fill>
        <outline>1</outline>
      </PolyStyle>
      <BalloonStyle>
        <text><![CDATA[<h3>$[name]</h3>]]></text>
      </BalloonStyle>
    </Style>
    <Style id="poly-C2185B-1-125-nodesc-highlight">
      <LineStyle>
        <color>ff5b18c2</color>
        <width>0.0015</width>
      </LineStyle>
      <PolyStyle>
        <color>7d5b18c2</color>
        <fill>1</fill>
        <outline>1</outline>
      </PolyStyle>
      <BalloonStyle>
        <text><![CDATA[<h3>$[name]</h3>]]></text>
      </BalloonStyle>
    </Style>
    <StyleMap id="poly-C2185B-1-125-nodesc">
      <Pair>
        <key>normal</key>
        <styleUrl>#poly-C2185B-1-125-nodesc-normal</styleUrl>
      </Pair>
      <Pair>
        <key>highlight</key>
        <styleUrl>#poly-C2185B-1-125-nodesc-highlight</styleUrl>
      </Pair>
    </StyleMap>
    <Style id="poly-C2185B-1-135-normal">
      <LineStyle>
        <color>ff5b18c2</color>
        <width>0.001</width>
      </LineStyle>
      <PolyStyle>
        <color>875b18c2</color>
        <fill>1</fill>
        <outline>1</outline>
      </PolyStyle>
    </Style>
    <Style id="poly-C2185B-1-135-highlight">
      <LineStyle>
        <color>ff5b18c2</color>
        <width>0.0015</width>
      </LineStyle>
      <PolyStyle>
        <color>875b18c2</color>
        <fill>1</fill>
        <outline>1</outline>
      </PolyStyle>
    </Style>
    <StyleMap id="poly-C2185B-1-135">
      <Pair>
        <key>normal</key>
        <styleUrl>#poly-C2185B-1-135-normal</styleUrl>
      </Pair>
      <Pair>
        <key>highlight</key>
        <styleUrl>#poly-C2185B-1-135-highlight</styleUrl>
      </Pair>
    </StyleMap>
    <Style id="poly-C2185B-1-150-normal">
      <LineStyle>
        <color>ff5b18c2</color>
        <width>0.001</width>
      </LineStyle>
      <PolyStyle>
        <color>965b18c2</color>
        <fill>1</fill>
        <outline>1</outline>
      </PolyStyle>
    </Style>
    <Style id="poly-C2185B-1-150-highlight">
      <LineStyle>
        <color>ff5b18c2</color>
        <width>0.0015</width>
      </LineStyle>
      <PolyStyle>
        <color>965b18c2</color>
        <fill>1</fill>
        <outline>1</outline>
      </PolyStyle>
    </Style>
    <StyleMap id="poly-C2185B-1-150">
      <Pair>
        <key>normal</key>
        <styleUrl>#poly-C2185B-1-150-normal</styleUrl>
      </Pair>
      <Pair>
        <key>highlight</key>
        <styleUrl>#poly-C2185B-1-150-highlight</styleUrl>
      </Pair>
    </StyleMap>
    <Style id="poly-C2185B-1200-130-normal">
      <LineStyle>
        <color>ff5b18c2</color>
        <width>1.2</width>
      </LineStyle>
      <PolyStyle>
        <color>825b18c2</color>
        <fill>1</fill>
        <outline>1</outline>
      </PolyStyle>
    </Style>
    <Style id="poly-C2185B-1200-130-highlight">
      <LineStyle>
        <color>ff5b18c2</color>
        <width>1.8</width>
      </LineStyle>
      <PolyStyle>
        <color>825b18c2</color>
        <fill>1</fill>
        <outline>1</outline>
      </PolyStyle>
    </Style>
    <StyleMap id="poly-C2185B-1200-130">
      <Pair>
        <key>normal</key>
        <styleUrl>#poly-C2185B-1200-130-normal</styleUrl>
      </Pair>
      <Pair>
        <key>highlight</key>
        <styleUrl>#poly-C2185B-1200-130-highlight</styleUrl>
      </Pair>
    </StyleMap>
    <Style id="poly-C2185B-1200-77-normal">
      <LineStyle>
        <color>ff5b18c2</color>
        <width>1.2</width>
      </LineStyle>
      <PolyStyle>
        <color>4d5b18c2</color>
        <fill>1</fill>
        <outline>1</outline>
      </PolyStyle>
    </Style>
    <Style id="poly-C2185B-1200-77-highlight">
      <LineStyle>
        <color>ff5b18c2</color>
        <width>1.8</width>
      </LineStyle>
      <PolyStyle>
        <color>4d5b18c2</color>
        <fill>1</fill>
        <outline>1</outline>
      </PolyStyle>
    </Style>
    <StyleMap id="poly-C2185B-1200-77">
      <Pair>
        <key>normal</key>
        <styleUrl>#poly-C2185B-1200-77-normal</styleUrl>
      </Pair>
      <Pair>
        <key>highlight</key>
        <styleUrl>#poly-C2185B-1200-77-highlight</styleUrl>
      </Pair>
    </StyleMap>
    <Style id="poly-CE93D8-1-87-normal">
      <LineStyle>
        <color>ffd893ce</color>
        <width>0.001</width>
      </LineStyle>
      <PolyStyle>
        <color>57d893ce</color>
        <fill>1</fill>
        <outline>1</outline>
      </PolyStyle>
    </Style>
    <Style id="poly-CE93D8-1-87-highlight">
      <LineStyle>
        <color>ffd893ce</color>
        <width>0.0015</width>
      </LineStyle>
      <PolyStyle>
        <color>57d893ce</color>
        <fill>1</fill>
        <outline>1</outline>
      </PolyStyle>
    </Style>
    <StyleMap id="poly-CE93D8-1-87">
      <Pair>
        <key>normal</key>
        <styleUrl>#poly-CE93D8-1-87-normal</styleUrl>
      </Pair>
      <Pair>
        <key>highlight</key>
        <styleUrl>#poly-CE93D8-1-87-highlight</styleUrl>
      </Pair>
    </StyleMap>
    <Style id="poly-CE93D8-1701-194-normal">
      <LineStyle>
        <color>ffd893ce</color>
        <width>1.701</width>
      </LineStyle>
      <PolyStyle>
        <color>c2d893ce</color>
        <fill>1</fill>
        <outline>1</outline>
      </PolyStyle>
    </Style>
    <Style id="poly-CE93D8-1701-194-highlight">
      <LineStyle>
        <color>ffd893ce</color>
        <width>2.5515</width>
      </LineStyle>
      <PolyStyle>
        <color>c2d893ce</color>
        <fill>1</fill>
        <outline>1</outline>
      </PolyStyle>
    </Style>
    <StyleMap id="poly-CE93D8-1701-194">
      <Pair>
        <key>normal</key>
        <styleUrl>#poly-CE93D8-1701-194-normal</styleUrl>
      </Pair>
      <Pair>
        <key>highlight</key>
        <styleUrl>#poly-CE93D8-1701-194-highlight</styleUrl>
      </Pair>
    </StyleMap>
    <Style id="poly-E65100-1-0-normal">
      <LineStyle>
        <color>ff0051e6</color>
        <width>0.001</width>
      </LineStyle>
      <PolyStyle>
        <color>000051e6</color>
        <fill>1</fill>
        <outline>1</outline>
      </PolyStyle>
    </Style>
    <Style id="poly-E65100-1-0-highlight">
      <LineStyle>
        <color>ff0051e6</color>
        <width>0.0015</width>
      </LineStyle>
      <PolyStyle>
        <color>000051e6</color>
        <fill>1</fill>
        <outline>1</outline>
      </PolyStyle>
    </Style>
    <StyleMap id="poly-E65100-1-0">
      <Pair>
        <key>normal</key>
        <styleUrl>#poly-E65100-1-0-normal</styleUrl>
      </Pair>
      <Pair>
        <key>highlight</key>
        <styleUrl>#poly-E65100-1-0-highlight</styleUrl>
      </Pair>
    </StyleMap>
    <Style id="poly-E65100-1-110-normal">
      <LineStyle>
        <color>ff0051e6</color>
        <width>0.001</width>
      </LineStyle>
      <PolyStyle>
        <color>6e0051e6</color>
        <fill>1</fill>
        <outline>1</outline>
      </PolyStyle>
    </Style>
    <Style id="poly-E65100-1-110-highlight">
      <LineStyle>
        <color>ff0051e6</color>
        <width>0.0015</width>
      </LineStyle>
      <PolyStyle>
        <color>6e0051e6</color>
        <fill>1</fill>
        <outline>1</outline>
      </PolyStyle>
    </Style>
    <StyleMap id="poly-E65100-1-110">
      <Pair>
        <key>normal</key>
        <styleUrl>#poly-E65100-1-110-normal</styleUrl>
      </Pair>
      <Pair>
        <key>highlight</key>
        <styleUrl>#poly-E65100-1-110-highlight</styleUrl>
      </Pair>
    </StyleMap>
    <Style id="poly-E65100-1-97-normal">
      <LineStyle>
        <color>ff0051e6</color>
        <width>0.001</width>
      </LineStyle>
      <PolyStyle>
        <color>610051e6</color>
        <fill>1</fill>
        <outline>1</outline>
      </PolyStyle>
    </Style>
    <Style id="poly-E65100-1-97-highlight">
      <LineStyle>
        <color>ff0051e6</color>
        <width>0.0015</width>
      </LineStyle>
      <PolyStyle>
        <color>610051e6</color>
        <fill>1</fill>
        <outline>1</outline>
      </PolyStyle>
    </Style>
    <StyleMap id="poly-E65100-1-97">
      <Pair>
        <key>normal</key>
        <styleUrl>#poly-E65100-1-97-normal</styleUrl>
      </Pair>
      <Pair>
        <key>highlight</key>
        <styleUrl>#poly-E65100-1-97-highlight</styleUrl>
      </Pair>
    </StyleMap>
    <Style id="poly-E65100-1200-0-normal">
      <LineStyle>
        <color>ff0051e6</color>
        <width>1.2</width>
      </LineStyle>
      <PolyStyle>
        <color>000051e6</color>
        <fill>1</fill>
        <outline>1</outline>
      </PolyStyle>
    </Style>
    <Style id="poly-E65100-1200-0-highlight">
      <LineStyle>
        <color>ff0051e6</color>
        <width>1.8</width>
      </LineStyle>
      <PolyStyle>
        <color>000051e6</color>
        <fill>1</fill>
        <outline>1</outline>
      </PolyStyle>
    </Style>
    <StyleMap id="poly-E65100-1200-0">
      <Pair>
        <key>normal</key>
        <styleUrl>#poly-E65100-1200-0-normal</styleUrl>
      </Pair>
      <Pair>
        <key>highlight</key>
        <styleUrl>#poly-E65100-1200-0-highlight</styleUrl>
      </Pair>
    </StyleMap>
    <Style id="poly-E65100-1200-133-normal">
      <LineStyle>
        <color>ff0051e6</color>
        <width>1.2</width>
      </LineStyle>
      <PolyStyle>
        <color>850051e6</color>
        <fill>1</fill>
        <outline>1</outline>
      </PolyStyle>
    </Style>
    <Style id="poly-E65100-1200-133-highlight">
      <LineStyle>
        <color>ff0051e6</color>
        <width>1.8</width>
      </LineStyle>
      <PolyStyle>
        <color>850051e6</color>
        <fill>1</fill>
        <outline>1</outline>
      </PolyStyle>
    </Style>
    <StyleMap id="poly-E65100-1200-133">
      <Pair>
        <key>normal</key>
        <styleUrl>#poly-E65100-1200-133-normal</styleUrl>
      </Pair>
      <Pair>
        <key>highlight</key>
        <styleUrl>#poly-E65100-1200-133-highlight</styleUrl>
      </Pair>
    </StyleMap>
    <Style id="poly-E65100-1200-143-normal">
      <LineStyle>
        <color>ff0051e6</color>
        <width>1.2</width>
      </LineStyle>
      <PolyStyle>
        <color>8f0051e6</color>
        <fill>1</fill>
        <outline>1</outline>
      </PolyStyle>
    </Style>
    <Style id="poly-E65100-1200-143-highlight">
      <LineStyle>
        <color>ff0051e6</color>
        <width>1.8</width>
      </LineStyle>
      <PolyStyle>
        <color>8f0051e6</color>
        <fill>1</fill>
        <outline>1</outline>
      </PolyStyle>
    </Style>
    <StyleMap id="poly-E65100-1200-143">
      <Pair>
        <key>normal</key>
        <styleUrl>#poly-E65100-1200-143-normal</styleUrl>
      </Pair>
      <Pair>
        <key>highlight</key>
        <styleUrl>#poly-E65100-1200-143-highlight</styleUrl>
      </Pair>
    </StyleMap>
    <Style id="poly-E65100-1200-77-normal">
      <LineStyle>
        <color>ff0051e6</color>
        <width>1.2</width>
      </LineStyle>
      <PolyStyle>
        <color>4d0051e6</color>
        <fill>1</fill>
        <outline>1</outline>
      </PolyStyle>
    </Style>
    <Style id="poly-E65100-1200-77-highlight">
      <LineStyle>
        <color>ff0051e6</color>
        <width>1.8</width>
      </LineStyle>
      <PolyStyle>
        <color>4d0051e6</color>
        <fill>1</fill>
        <outline>1</outline>
      </PolyStyle>
    </Style>
    <StyleMap id="poly-E65100-1200-77">
      <Pair>
        <key>normal</key>
        <styleUrl>#poly-E65100-1200-77-normal</styleUrl>
      </Pair>
      <Pair>
        <key>highlight</key>
        <styleUrl>#poly-E65100-1200-77-highlight</styleUrl>
      </Pair>
    </StyleMap>
    <Style id="poly-E65100-2601-112-nodesc-normal">
      <LineStyle>
        <color>ff0051e6</color>
        <width>2.601</width>
      </LineStyle>
      <PolyStyle>
        <color>700051e6</color>
        <fill>1</fill>
        <outline>1</outline>
      </PolyStyle>
      <BalloonStyle>
        <text><![CDATA[<h3>$[name]</h3>]]></text>
      </BalloonStyle>
    </Style>
    <Style id="poly-E65100-2601-112-nodesc-highlight">
      <LineStyle>
        <color>ff0051e6</color>
        <width>3.9015</width>
      </LineStyle>
      <PolyStyle>
        <color>700051e6</color>
        <fill>1</fill>
        <outline>1</outline>
      </PolyStyle>
      <BalloonStyle>
        <text><![CDATA[<h3>$[name]</h3>]]></text>
      </BalloonStyle>
    </Style>
    <StyleMap id="poly-E65100-2601-112-nodesc">
      <Pair>
        <key>normal</key>
        <styleUrl>#poly-E65100-2601-112-nodesc-normal</styleUrl>
      </Pair>
      <Pair>
        <key>highlight</key>
        <styleUrl>#poly-E65100-2601-112-nodesc-highlight</styleUrl>
      </Pair>
    </StyleMap>
    <Style id="poly-E6EE9C-697-33-normal">
      <LineStyle>
        <color>ff9ceee6</color>
        <width>0.697</width>
      </LineStyle>
      <PolyStyle>
        <color>219ceee6</color>
        <fill>1</fill>
        <outline>1</outline>
      </PolyStyle>
    </Style>
    <Style id="poly-E6EE9C-697-33-highlight">
      <LineStyle>
        <color>ff9ceee6</color>
        <width>1.0455</width>
      </LineStyle>
      <PolyStyle>
        <color>219ceee6</color>
        <fill>1</fill>
        <outline>1</outline>
      </PolyStyle>
    </Style>
    <StyleMap id="poly-E6EE9C-697-33">
      <Pair>
        <key>normal</key>
        <styleUrl>#poly-E6EE9C-697-33-normal</styleUrl>
      </Pair>
      <Pair>
        <key>highlight</key>
        <styleUrl>#poly-E6EE9C-697-33-highlight</styleUrl>
      </Pair>
    </StyleMap>
    <Style id="poly-F57C00-1200-125-normal">
      <LineStyle>
        <color>ff007cf5</color>
        <width>1.2</width>
      </LineStyle>
      <PolyStyle>
        <color>7d007cf5</color>
        <fill>1</fill>
        <outline>1</outline>
      </PolyStyle>
    </Style>
    <Style id="poly-F57C00-1200-125-highlight">
      <LineStyle>
        <color>ff007cf5</color>
        <width>1.8</width>
      </LineStyle>
      <PolyStyle>
        <color>7d007cf5</color>
        <fill>1</fill>
        <outline>1</outline>
      </PolyStyle>
    </Style>
    <StyleMap id="poly-F57C00-1200-125">
      <Pair>
        <key>normal</key>
        <styleUrl>#poly-F57C00-1200-125-normal</styleUrl>
      </Pair>
      <Pair>
        <key>highlight</key>
        <styleUrl>#poly-F57C00-1200-125-highlight</styleUrl>
      </Pair>
    </StyleMap>
    <Style id="poly-F9A825-1-0-normal">
      <LineStyle>
        <color>ff25a8f9</color>
        <width>0.001</width>
      </LineStyle>
      <PolyStyle>
        <color>0025a8f9</color>
        <fill>1</fill>
        <outline>1</outline>
      </PolyStyle>
    </Style>
    <Style id="poly-F9A825-1-0-highlight">
      <LineStyle>
        <color>ff25a8f9</color>
        <width>0.0015</width>
      </LineStyle>
      <PolyStyle>
        <color>0025a8f9</color>
        <fill>1</fill>
        <outline>1</outline>
      </PolyStyle>
    </Style>
    <StyleMap id="poly-F9A825-1-0">
      <Pair>
        <key>normal</key>
        <styleUrl>#poly-F9A825-1-0-normal</styleUrl>
      </Pair>
      <Pair>
        <key>highlight</key>
        <styleUrl>#poly-F9A825-1-0-highlight</styleUrl>
      </Pair>
    </StyleMap>
    <Style id="poly-F9A825-1200-77-normal">
      <LineStyle>
        <color>ff25a8f9</color>
        <width>1.2</width>
      </LineStyle>
      <PolyStyle>
        <color>4d25a8f9</color>
        <fill>1</fill>
        <outline>1</outline>
      </PolyStyle>
    </Style>
    <Style id="poly-F9A825-1200-77-highlight">
      <LineStyle>
        <color>ff25a8f9</color>
        <width>1.8</width>
      </LineStyle>
      <PolyStyle>
        <color>4d25a8f9</color>
        <fill>1</fill>
        <outline>1</outline>
      </PolyStyle>
    </Style>
    <StyleMap id="poly-F9A825-1200-77">
      <Pair>
        <key>normal</key>
        <styleUrl>#poly-F9A825-1200-77-normal</styleUrl>
      </Pair>
      <Pair>
        <key>highlight</key>
        <styleUrl>#poly-F9A825-1200-77-highlight</styleUrl>
      </Pair>
    </StyleMap>
    <Style id="poly-FBC02D-1200-189-normal">
      <LineStyle>
        <color>ff2dc0fb</color>
        <width>1.2</width>
      </LineStyle>
      <PolyStyle>
        <color>bd2dc0fb</color>
        <fill>1</fill>
        <outline>1</outline>
      </PolyStyle>
    </Style>
    <Style id="poly-FBC02D-1200-189-highlight">
      <LineStyle>
        <color>ff2dc0fb</color>
        <width>1.8</width>
      </LineStyle>
      <PolyStyle>
        <color>bd2dc0fb</color>
        <fill>1</fill>
        <outline>1</outline>
      </PolyStyle>
    </Style>
    <StyleMap id="poly-FBC02D-1200-189">
      <Pair>
        <key>normal</key>
        <styleUrl>#poly-FBC02D-1200-189-normal</styleUrl>
      </Pair>
      <Pair>
        <key>highlight</key>
        <styleUrl>#poly-FBC02D-1200-189-highlight</styleUrl>
      </Pair>
    </StyleMap>
    <Style id="poly-FFCC80-1200-143-normal">
      <LineStyle>
        <color>ff80ccff</color>
        <width>1.2</width>
      </LineStyle>
      <PolyStyle>
        <color>8f80ccff</color>
        <fill>1</fill>
        <outline>1</outline>
      </PolyStyle>
    </Style>
    <Style id="poly-FFCC80-1200-143-highlight">
      <LineStyle>
        <color>ff80ccff</color>
        <width>1.8</width>
      </LineStyle>
      <PolyStyle>
        <color>8f80ccff</color>
        <fill>1</fill>
        <outline>1</outline>
      </PolyStyle>
    </Style>
    <StyleMap id="poly-FFCC80-1200-143">
      <Pair>
        <key>normal</key>
        <styleUrl>#poly-FFCC80-1200-143-normal</styleUrl>
      </Pair>
      <Pair>
        <key>highlight</key>
        <styleUrl>#poly-FFCC80-1200-143-highlight</styleUrl>
      </Pair>
    </StyleMap>
    <Style id="poly-FFD600-1200-77-normal">
      <LineStyle>
        <color>ff00d6ff</color>
        <width>1.2</width>
      </LineStyle>
      <PolyStyle>
        <color>4d00d6ff</color>
        <fill>1</fill>
        <outline>1</outline>
      </PolyStyle>
    </Style>
    <Style id="poly-FFD600-1200-77-highlight">
      <LineStyle>
        <color>ff00d6ff</color>
        <width>1.8</width>
      </LineStyle>
      <PolyStyle>
        <color>4d00d6ff</color>
        <fill>1</fill>
        <outline>1</outline>
      </PolyStyle>
    </Style>
    <StyleMap id="poly-FFD600-1200-77">
      <Pair>
        <key>normal</key>
        <styleUrl>#poly-FFD600-1200-77-normal</styleUrl>
      </Pair>
      <Pair>
        <key>highlight</key>
        <styleUrl>#poly-FFD600-1200-77-highlight</styleUrl>
      </Pair>
    </StyleMap>
    <Style id="poly-FFD600-601-102-normal">
      <LineStyle>
        <color>ff00d6ff</color>
        <width>0.601</width>
      </LineStyle>
      <PolyStyle>
        <color>6600d6ff</color>
        <fill>1</fill>
        <outline>1</outline>
      </PolyStyle>
    </Style>
    <Style id="poly-FFD600-601-102-highlight">
      <LineStyle>
        <color>ff00d6ff</color>
        <width>0.9015</width>
      </LineStyle>
      <PolyStyle>
        <color>6600d6ff</color>
        <fill>1</fill>
        <outline>1</outline>
      </PolyStyle>
    </Style>
    <StyleMap id="poly-FFD600-601-102">
      <Pair>
        <key>normal</key>
        <styleUrl>#poly-FFD600-601-102-normal</styleUrl>
      </Pair>
      <Pair>
        <key>highlight</key>
        <styleUrl>#poly-FFD600-601-102-highlight</styleUrl>
      </Pair>
    </StyleMap>
    <Style id="poly-FFEA00-1-0-normal">
      <LineStyle>
        <color>ff00eaff</color>
        <width>0.001</width>
      </LineStyle>
      <PolyStyle>
        <color>0000eaff</color>
        <fill>1</fill>
        <outline>1</outline>
      </PolyStyle>
    </Style>
    <Style id="poly-FFEA00-1-0-highlight">
      <LineStyle>
        <color>ff00eaff</color>
        <width>0.0015</width>
      </LineStyle>
      <PolyStyle>
        <color>0000eaff</color>
        <fill>1</fill>
        <outline>1</outline>
      </PolyStyle>
    </Style>
    <StyleMap id="poly-FFEA00-1-0">
      <Pair>
        <key>normal</key>
        <styleUrl>#poly-FFEA00-1-0-normal</styleUrl>
      </Pair>
      <Pair>
        <key>highlight</key>
        <styleUrl>#poly-FFEA00-1-0-highlight</styleUrl>
      </Pair>
    </StyleMap>
    <Style id="poly-FFFF8D-1200-94-normal">
      <LineStyle>
        <color>ff8dffff</color>
        <width>1.2</width>
      </LineStyle>
      <PolyStyle>
        <color>5e8dffff</color>
        <fill>1</fill>
        <outline>1</outline>
      </PolyStyle>
    </Style>
    <Style id="poly-FFFF8D-1200-94-highlight">
      <LineStyle>
        <color>ff8dffff</color>
        <width>1.8</width>
      </LineStyle>
      <PolyStyle>
        <color>5e8dffff</color>
        <fill>1</fill>
        <outline>1</outline>
      </PolyStyle>
    </Style>
    <StyleMap id="poly-FFFF8D-1200-94">
      <Pair>
        <key>normal</key>
        <styleUrl>#poly-FFFF8D-1200-94-normal</styleUrl>
      </Pair>
      <Pair>
        <key>highlight</key>
        <styleUrl>#poly-FFFF8D-1200-94-highlight</styleUrl>
      </Pair>
    </StyleMap>
    <Style id="poly-FFFFFF-1200-143-normal">
      <LineStyle>
        <color>ffffffff</color>
        <width>1.2</width>
      </LineStyle>
      <PolyStyle>
        <color>8fffffff</color>
        <fill>1</fill>
        <outline>1</outline>
      </PolyStyle>
    </Style>
    <Style id="poly-FFFFFF-1200-143-highlight">
      <LineStyle>
        <color>ffffffff</color>
        <width>1.8</width>
      </LineStyle>
      <PolyStyle>
        <color>8fffffff</color>
        <fill>1</fill>
        <outline>1</outline>
      </PolyStyle>
    </Style>
    <StyleMap id="poly-FFFFFF-1200-143">
      <Pair>
        <key>normal</key>
        <styleUrl>#poly-FFFFFF-1200-143-normal</styleUrl>
      </Pair>
      <Pair>
        <key>highlight</key>
        <styleUrl>#poly-FFFFFF-1200-143-highlight</styleUrl>
      </Pair>
    </StyleMap>
    <Folder>
      <name>Untitled layer</name>
      <Placemark>
        <name>P Rama Mohan</name>
        <styleUrl>#icon-1899-0288D1-nodesc</styleUrl>
        <Point>
          <coordinates>
            77.7022354,13.0053017,0
          </coordinates>
        </Point>
      </Placemark>
      <Placemark>
        <name>P Rama Mohan
</name>
        <description><![CDATA[Timings: <br>Weekdays- Monday to Friday 7am to 11an & Weekends- 7am to 9pm <br>Vehicle: Hyundai i10 sports, KA41Z0523<br>Service Area: Hoodi, KR Puram<br>Languages: Telugu, Kannda, English]]></description>
        <styleUrl>#poly-E65100-1200-77</styleUrl>
        <Polygon>
          <outerBoundaryIs>
            <LinearRing>
              <tessellate>1</tessellate>
              <coordinates>
                77.7151789,13.0218736,0
                77.7016413,13.0131898,0
                77.6955903,13.0081303,0
                77.6899684,13.0073777,0
                77.685591,13.0054124,0
                77.6837886,13.0014818,0
                77.6934774,12.987923,0
                77.6994929,12.9850034,0
                77.7072847,12.9830616,0
                77.7208008,12.99344,0
                77.7331387,13.0053572,0
                77.7327742,13.0176088,0
                77.7278818,13.020452,0
                77.7206395,13.0213624,0
                77.7151789,13.0218736,0
              </coordinates>
            </LinearRing>
          </outerBoundaryIs>
        </Polygon>
      </Placemark>
      <Placemark>
        <name>Shivamurthy</name>
        <styleUrl>#icon-1899-0288D1-nodesc</styleUrl>
        <Point>
          <coordinates>
            77.6415106,12.8727859,0
          </coordinates>
        </Point>
      </Placemark>
      <Placemark>
        <name>Shivamurthy</name>
        <description><![CDATA[Timings: <br>Weekdays 6AM to 5PM<br>Weekends: 6AM to 9 PM<br><br>Vehicle: Etios,KA52P3931<br>Service Area: Begur, Hulimav<br>Languages: Kannada, Telugu, Hindi]]></description>
        <styleUrl>#poly-FFFF8D-1200-94</styleUrl>
        <Polygon>
          <outerBoundaryIs>
            <LinearRing>
              <tessellate>1</tessellate>
              <coordinates>
                77.6614027,12.8591308,0
                77.6450798,12.8786893,0
                77.6436684,12.8821853,0
                77.640321,12.8876657,0
                77.6355578,12.8954185,0
                77.631735,12.9007555,0
                77.6303469,12.9021576,0
                77.6295498,12.9028646,0
                77.6297215,12.9045378,0
                77.6277574,12.9068223,0
                77.6251824,12.9033085,0
                77.6213176,12.9034985,0
                77.6113184,12.8963035,0
                77.6062115,12.8947138,0
                77.6017483,12.8937517,0
                77.5985726,12.8903214,0
                77.5980043,12.8803307,0
                77.6163421,12.858294,0
                77.6322206,12.8677494,0
                77.6459536,12.8660345,0
                77.6614027,12.8591308,0
              </coordinates>
            </LinearRing>
          </outerBoundaryIs>
        </Polygon>
      </Placemark>
      <Placemark>
        <name>Girish</name>
        <styleUrl>#icon-1899-0288D1-nodesc</styleUrl>
        <Point>
          <coordinates>
            77.66696,12.86899,0
          </coordinates>
        </Point>
      </Placemark>
      <Placemark>
        <name>Girish</name>
        <description><![CDATA[Timings:<br>Mon- Sat - 6PM to 9 PM<br>Sunday- 7:30 AM - 9 PM<br><br>Vehicle: Hyundai Venue, KA01ND1447<br>Service Area: Choodasandra<br>Languages: kannada, english, hindi, tamil and telegu]]></description>
        <styleUrl>#poly-FFCC80-1200-143</styleUrl>
        <Polygon>
          <outerBoundaryIs>
            <LinearRing>
              <tessellate>1</tessellate>
              <coordinates>
                77.6964873,12.9000637,0
                77.6938256,12.9063386,0
                77.6917441,12.9069556,0
                77.6895768,12.9078236,0
                77.6852422,12.9097269,0
                77.6767444,12.91186,0
                77.6591476,12.8988916,0
                77.6561429,12.887847,0
                77.6444692,12.8796466,0
                77.6506487,12.8699395,0
                77.6580309,12.8602318,0
                77.6791478,12.8627421,0
                77.6963146,12.870274,0
                77.7016378,12.8759643,0
                77.7039559,12.8847507,0
                77.7033552,12.8921978,0
                77.6999217,12.8957129,0
                77.6964873,12.9000637,0
              </coordinates>
            </LinearRing>
          </outerBoundaryIs>
        </Polygon>
      </Placemark>
      <Placemark>
        <name>Salauddin</name>
        <description>7 AM to 5 PM</description>
        <styleUrl>#icon-1899-0288D1</styleUrl>
        <Point>
          <coordinates>
            77.5967289,13.0291989,0
          </coordinates>
        </Point>
      </Placemark>
      <Placemark>
        <name>Salauddin</name>
        <description><![CDATA[Timings: 6AM to 11AM<br>Vehicle: Hyundai getz, KAO4MC5896<br>Service Area: Hebbal<br>Languages: English Hindi kannada urdu]]></description>
        <styleUrl>#poly-9C27B0-995-161</styleUrl>
        <Polygon>
          <outerBoundaryIs>
            <LinearRing>
              <tessellate>1</tessellate>
              <coordinates>
                77.6155899,13.0375989,0
                77.6146342,13.0397359,0
                77.613097,13.042105,0
                77.6095794,13.0413532,0
                77.6030134,13.0416247,0
                77.5964474,13.0495888,0
                77.5959375,13.0403834,0
                77.58731,13.0361535,0
                77.5816417,13.0338272,0
                77.5777308,13.0260946,0
                77.5880004,13.0135668,0
                77.5955663,13.0074006,0
                77.6035281,13.0139259,0
                77.6097082,13.0194443,0
                77.6180926,13.0335196,0
                77.6155899,13.0375989,0
              </coordinates>
            </LinearRing>
          </outerBoundaryIs>
        </Polygon>
      </Placemark>
      <Placemark>
        <name>Pavan</name>
        <description><![CDATA[Weekdays Morning 5 am to 7 am<br>Weekends <br>Saturday 7am to 3pm <br>Sunday 7am to 3pm]]></description>
        <styleUrl>#icon-1899-0288D1</styleUrl>
        <Point>
          <coordinates>
            77.4900404,13.0435671,0
          </coordinates>
        </Point>
      </Placemark>
      <Placemark>
        <name>Pavan</name>
        <description><![CDATA[Timings: 5am-7am<br>Vehicle: Hyundai Eon D lit +, KA18P0578<br>Service Area: Nagasandra<br>Languages: Kannada,English,Telugu,Tamil,Hindi]]></description>
        <styleUrl>#poly-FFFFFF-1200-143</styleUrl>
        <Polygon>
          <outerBoundaryIs>
            <LinearRing>
              <tessellate>1</tessellate>
              <coordinates>
                77.5127105,13.0195631,0
                77.5193623,13.0298068,0
                77.5188904,13.0392977,0
                77.5116805,13.0431441,0
                77.4970893,13.0487463,0
                77.4862746,13.0523417,0
                77.4806098,13.0500005,0
                77.4761466,13.0444819,0
                77.4758891,13.0372909,0
                77.4758891,13.0303504,0
                77.4776058,13.0212356,0
                77.4981621,13.0150057,0
                77.5045566,13.0154656,0
                77.5127105,13.0195631,0
              </coordinates>
            </LinearRing>
          </outerBoundaryIs>
        </Polygon>
      </Placemark>
      <Placemark>
        <name>Ameen / Arokia
</name>
        <description><![CDATA[Timings: <br>Ameen Sir: 6 AM - 10 AM<br><br>Vehicle: Hyundai i10, Ka04nf9865<br>Service area: C V Raman Nagar<br>Languages: English, Hindi, Kannada]]></description>
        <styleUrl>#poly-097138-1-0</styleUrl>
        <Polygon>
          <outerBoundaryIs>
            <LinearRing>
              <tessellate>1</tessellate>
              <coordinates>
                77.6503701,12.9878702,0
                77.652059,12.985891,0
                77.6541328,12.9797295,0
                77.6569792,12.9744881,0
                77.6619538,12.9673171,0
                77.6697174,12.9666698,0
                77.6746537,12.9663402,0
                77.6830662,12.9678089,0
                77.6874016,12.9723724,0
                77.6880464,12.9776466,0
                77.6923397,12.9798311,0
                77.693242,12.9810487,0
                77.6924278,12.9817647,0
                77.6900443,12.9859158,0
                77.686677,12.9912993,0
                77.6834453,12.9959624,0
                77.6811838,12.9998299,0
                77.6762055,13.000917,0
                77.668309,12.9984081,0
                77.6599774,12.9923349,0
                77.6526446,12.9905465,0
                77.6501126,12.9884556,0
                77.6503701,12.9878702,0
              </coordinates>
            </LinearRing>
          </outerBoundaryIs>
        </Polygon>
      </Placemark>
      <Placemark>
        <name>Chandan D B
</name>
        <description><![CDATA[6 AM - 8:30 AM Weekdays (Mon- Sat)<br>6 PM - 8:30 PM Weekdays (Mon- Sat)<br>6 AM - 8 PM Weekend (Satu - Sun )]]></description>
        <styleUrl>#icon-1899-0288D1</styleUrl>
        <Point>
          <coordinates>
            77.6592472,12.8864373,0
          </coordinates>
        </Point>
      </Placemark>
      <Placemark>
        <name>Chandan D B
</name>
        <description><![CDATA[Timings<br>6 AM - 8:30 AM Weekdays (Mon- Sat)<br>6 PM - 8:30 PM Weekdays (Mon- Sat)<br>6 AM - 8 PM Weekend (Satu - Sun )<br><br>Vehicle: Manual - Alto (Ka03mk2190)<br>Service Area: Haralur<br>Languages: English, Hindi, Kannada]]></description>
        <styleUrl>#poly-01579B-1200-94</styleUrl>
        <Polygon>
          <outerBoundaryIs>
            <LinearRing>
              <tessellate>1</tessellate>
              <coordinates>
                77.6639646,12.9202876,0
                77.6625913,12.9113359,0
                77.660703,12.9010456,0
                77.6485936,12.90321,0
                77.6442628,12.8935102,0
                77.6423291,12.8891281,0
                77.6458513,12.8791899,0
                77.6520755,12.8768982,0
                77.6591581,12.8782879,0
                77.6684278,12.8864876,0
                77.6772682,12.890671,0
                77.681989,12.898201,0
                77.6898855,12.9112524,0
                77.6794141,12.9206222,0
                77.6708311,12.9229646,0
                77.6639646,12.9202876,0
              </coordinates>
            </LinearRing>
          </outerBoundaryIs>
        </Polygon>
      </Placemark>
      <Placemark>
        <name>Prasanna DB</name>
        <description>6 AM - 6 PM</description>
        <styleUrl>#icon-1899-0288D1</styleUrl>
        <Point>
          <coordinates>
            77.48119,12.89927,0
          </coordinates>
        </Point>
      </Placemark>
      <Placemark>
        <name>Prasanna DB</name>
        <description><![CDATA[Timings: 6 AM - 6 PM<br>Vehicle: Hyundai i10, KA05MK3370<br>Service Area: Kengeri<br>Languages: Kannada, Hindi and English]]></description>
        <styleUrl>#poly-C2185B-1-150</styleUrl>
        <Polygon>
          <outerBoundaryIs>
            <LinearRing>
              <tessellate>1</tessellate>
              <coordinates>
                77.468824,12.9076208,0
                77.4787804,12.8935652,0
                77.4951311,12.8806802,0
                77.4982639,12.8801786,0
                77.5016113,12.8843617,0
                77.512941,12.8923939,0
                77.5187775,12.8995892,0
                77.5240131,12.9096287,0
                77.524507,12.9293197,0
                77.5142713,12.932279,0
                77.4949809,12.9317462,0
                77.4857647,12.9310611,0
                77.4693391,12.9300412,0
                77.468824,12.9076208,0
              </coordinates>
            </LinearRing>
          </outerBoundaryIs>
        </Polygon>
      </Placemark>
      <Placemark>
        <name>N Praveen
</name>
        <description>6 AM - </description>
        <styleUrl>#icon-1899-0288D1</styleUrl>
        <Point>
          <coordinates>
            77.6358573,13.0033245,0
          </coordinates>
        </Point>
      </Placemark>
      <Placemark>
        <name>N Praveen
</name>
        <description><![CDATA[Timings:<br>6AM - 7PM All days<br>Monday weekly off<br><br>Vehicle: Volkswagen polo cross, KA03MT2151<br>Service Area: Cox Town<br>Languages: English telugu tamil kannada]]></description>
        <styleUrl>#poly-C2185B-1-135</styleUrl>
        <Polygon>
          <outerBoundaryIs>
            <LinearRing>
              <tessellate>1</tessellate>
              <coordinates>
                77.6224272,12.9947182,0
                77.6327044,12.992707,0
                77.6419958,12.9912056,0
                77.6468878,12.9937145,0
                77.6408798,13.0044191,0
                77.6485509,13.0048372,0
                77.6555353,13.0028299,0
                77.6588612,13.0021607,0
                77.6626807,13.0106908,0
                77.6586468,13.0155408,0
                77.6530374,13.0258185,0
                77.6463304,13.0314289,0
                77.6309243,13.0371147,0
                77.6180926,13.0335196,0
                77.6080939,13.024154,0
                77.6063589,13.0211184,0
                77.6071496,13.0116942,0
                77.6077505,13.0068022,0
                77.6102395,13.0027464,0
                77.6224272,12.9947182,0
              </coordinates>
            </LinearRing>
          </outerBoundaryIs>
        </Polygon>
      </Placemark>
      <Placemark>
        <name>Sebastian Paul Miranda
</name>
        <description>Timings: 6 AM - 10 AM</description>
        <styleUrl>#poly-E6EE9C-697-33</styleUrl>
        <Polygon>
          <outerBoundaryIs>
            <LinearRing>
              <tessellate>1</tessellate>
              <coordinates>
                77.7396534,12.9560781,0
                77.7283241,12.9581695,0
                77.7169948,12.9559109,0
                77.7099569,12.9375087,0
                77.7190547,12.9216148,0
                77.7411122,12.9171818,0
                77.7564755,12.9231207,0
                77.759222,12.9378429,0
                77.7545874,12.9520633,0
                77.7396534,12.9560781,0
              </coordinates>
            </LinearRing>
          </outerBoundaryIs>
        </Polygon>
      </Placemark>
      <Placemark>
        <name>Rohith BR
</name>
        <styleUrl>#icon-1899-0288D1-nodesc</styleUrl>
        <Point>
          <coordinates>
            77.5542766,12.9936677,0
          </coordinates>
        </Point>
      </Placemark>
      <Placemark>
        <name>Irshad Hussian</name>
        <description>6 AM - 5 PM</description>
        <styleUrl>#icon-1899-0288D1</styleUrl>
        <Point>
          <coordinates>
            77.6009968,13.0468854,0
          </coordinates>
        </Point>
      </Placemark>
      <Placemark>
        <name>Irshad Hussian

</name>
        <description><![CDATA[Timings: 10AM - 2PM <br>4 pm to 7 pm<br>mon-tus<br>friday off<br>sat 9 am to 12pm / 2 pm to 7 pm<br>sunday 7 am to 7 pm <br>Vehicle: Sx4 zdi, KA05MK4063<br>Service Area: Hebbal Kempapura<br>Languages: English Kannada Hindi]]></description>
        <styleUrl>#poly-E65100-1200-133</styleUrl>
        <Polygon>
          <outerBoundaryIs>
            <LinearRing>
              <tessellate>1</tessellate>
              <coordinates>
                77.6045215,13.0858055,0
                77.5956604,13.0878537,0
                77.5767126,13.087704,0
                77.5686446,13.0857812,0
                77.5576586,13.0813507,0
                77.554054,13.0647973,0
                77.5610918,13.0459017,0
                77.5786005,13.0392127,0
                77.5959375,13.0403834,0
                77.6072668,13.0469051,0
                77.6106998,13.0612859,0
                77.6100133,13.074328,0
                77.6045215,13.0858055,0
              </coordinates>
            </LinearRing>
          </outerBoundaryIs>
        </Polygon>
      </Placemark>
      <Placemark>
        <name>Sebastian Paul Miranda
</name>
        <description>6 AM - 10 AM</description>
        <styleUrl>#icon-1899-0288D1</styleUrl>
        <Point>
          <coordinates>
            77.74565,12.94262,0
          </coordinates>
        </Point>
      </Placemark>
      <Placemark>
        <name>K Santosh
</name>
        <description>6 AM - 6 PM</description>
        <styleUrl>#icon-1899-0288D1</styleUrl>
        <Point>
          <coordinates>
            77.7604676,12.967087,0
          </coordinates>
        </Point>
      </Placemark>
      <Placemark>
        <name>K Santosh
</name>
        <description><![CDATA[Timings: 6 AM - 6 PM<br>Vehicle: Citron C3, KA XX 12XXXX<br>Languages: English, Hindi, Kannada<br>Service Area: Channasandra, Whitefield]]></description>
        <styleUrl>#poly-097138-1-112</styleUrl>
        <Polygon>
          <outerBoundaryIs>
            <LinearRing>
              <tessellate>1</tessellate>
              <coordinates>
                77.754566,13.0103947,0
                77.7447808,13.0116492,0
                77.7346523,13.0063804,0
                77.7300169,12.9956334,0
                77.728472,12.9874785,0
                77.7277425,12.9795328,0
                77.7331074,12.9743888,0
                77.74315,12.9720884,0
                77.7639219,12.9668193,0
                77.7688146,12.9822093,0
                77.7710463,12.9924133,0
                77.7679563,13.000526,0
                77.7648663,13.0062967,0
                77.754566,13.0103947,0
              </coordinates>
            </LinearRing>
          </outerBoundaryIs>
        </Polygon>
      </Placemark>
      <Placemark>
        <name>Nadeem Ar
</name>
        <styleUrl>#icon-1899-0288D1-nodesc</styleUrl>
        <Point>
          <coordinates>
            77.5487885,13.0590725,0
          </coordinates>
        </Point>
      </Placemark>
      <Placemark>
        <name>Bhanu Prakash</name>
        <description><![CDATA[Tuesday to Sunday - 7:30 AM to 7 PM<br>Mondays Off<br>Ignis]]></description>
        <styleUrl>#icon-1899-0288D1</styleUrl>
        <Point>
          <coordinates>
            77.5822319,12.9375825,0
          </coordinates>
        </Point>
      </Placemark>
      <Placemark>
        <name>Jawed</name>
        <styleUrl>#poly-BDBDBD-301-0-nodesc</styleUrl>
        <Polygon>
          <outerBoundaryIs>
            <LinearRing>
              <tessellate>1</tessellate>
              <coordinates>
                77.6158599,13.0248251,0
                77.6077918,13.0160445,0
                77.608736,13.0041495,0
                77.6319961,12.9953045,0
                77.6404075,13.0090198,0
                77.6360302,13.0251595,0
                77.6158599,13.0248251,0
              </coordinates>
            </LinearRing>
          </outerBoundaryIs>
        </Polygon>
      </Placemark>
      <Placemark>
        <name>M Chetan
</name>
        <styleUrl>#icon-1899-0288D1-nodesc</styleUrl>
        <Point>
          <coordinates>
            77.4890015,12.9992447,0
          </coordinates>
        </Point>
      </Placemark>
      <Placemark>
        <name>M Chetan
</name>
        <description><![CDATA[6AM - 12PM then 3PM - 7PM  All days<br>Wednesday off]]></description>
        <styleUrl>#poly-C2185B-1200-77</styleUrl>
        <Polygon>
          <outerBoundaryIs>
            <LinearRing>
              <tessellate>1</tessellate>
              <coordinates>
                77.491934,13.0034236,0
                77.4783741,12.9920513,0
                77.4726233,12.9826848,0
                77.4716797,12.9729837,0
                77.4706505,12.964453,0
                77.4764884,12.9579298,0
                77.4816696,12.9562775,0
                77.4888003,12.9561695,0
                77.4975563,12.9556709,0
                77.5080926,12.9567023,0
                77.5224864,12.9587649,0
                77.5279812,12.9739033,0
                77.5224879,12.9811379,0
                77.5183679,12.9897106,0
                77.514678,12.9962335,0
                77.5096145,12.9980725,0
                77.491934,13.0034236,0
              </coordinates>
            </LinearRing>
          </outerBoundaryIs>
        </Polygon>
      </Placemark>
      <Placemark>
        <name>Revanth</name>
        <description>6 AM - 9 AM</description>
        <styleUrl>#poly-673AB7-1-0</styleUrl>
        <Polygon>
          <outerBoundaryIs>
            <LinearRing>
              <tessellate>1</tessellate>
              <coordinates>
                77.7632549,12.9690478,0
                77.7486636,12.9777463,0
                77.7349307,12.9777463,0
                77.7227428,12.9677095,0
                77.7254894,12.9553302,0
                77.7438571,12.9499768,0
                77.7514102,12.9551629,0
                77.7625682,12.9613527,0
                77.7632549,12.9690478,0
              </coordinates>
            </LinearRing>
          </outerBoundaryIs>
        </Polygon>
      </Placemark>
      <Placemark>
        <name>Syed Asim M
</name>
        <description><![CDATA[Wagon R - 2026<br>Friday weekoff<br>Morning 7 AM - Evening 6 PM]]></description>
        <styleUrl>#icon-1899-0288D1</styleUrl>
        <Point>
          <coordinates>
            77.6234168,13.060917,0
          </coordinates>
        </Point>
      </Placemark>
      <Placemark>
        <name>Syed Asim M</name>
        <description><![CDATA[6 am to 4 pm<br>friday off <br>Wagonr 2026]]></description>
        <styleUrl>#poly-880E4F-1-135</styleUrl>
        <Polygon>
          <outerBoundaryIs>
            <LinearRing>
              <tessellate>1</tessellate>
              <coordinates>
                77.6063007,13.0674673,0
                77.6057001,13.064123,0
                77.6055753,13.0595383,0
                77.6071671,13.0556225,0
                77.6094453,13.0513722,0
                77.613097,13.0487942,0
                77.6194407,13.0464252,0
                77.6257845,13.0453938,0
                77.6344578,13.0474619,0
                77.6413199,13.0535878,0
                77.6432085,13.0584373,0
                77.6446677,13.0613637,0
                77.644496,13.0642901,0
                77.644496,13.0667149,0
                77.6424855,13.0720548,0
                77.6391743,13.0755775,0
                77.6311059,13.0803429,0
                77.6212355,13.082182,0
                77.6159997,13.0804264,0
                77.6105922,13.0761625,0
                77.6063007,13.0674673,0
              </coordinates>
            </LinearRing>
          </outerBoundaryIs>
        </Polygon>
      </Placemark>
      <Placemark>
        <name>Ravi Kumar R
</name>
        <styleUrl>#icon-1899-0288D1-nodesc</styleUrl>
        <Point>
          <coordinates>
            77.4907222,13.0675,0
          </coordinates>
        </Point>
      </Placemark>
      <Placemark>
        <name>Ravi Kumar R
</name>
        <description>6 am to 4 pm, Monday weekoff, alto 800</description>
        <styleUrl>#poly-7CB342-1200-156</styleUrl>
        <Polygon>
          <outerBoundaryIs>
            <LinearRing>
              <tessellate>1</tessellate>
              <coordinates>
                77.4811096,13.0704779,0
                77.4898642,13.0345246,0
                77.517989,13.0324827,0
                77.535826,13.0509969,0
                77.5271144,13.076163,0
                77.503082,13.0778352,0
                77.4811096,13.0704779,0
              </coordinates>
            </LinearRing>
          </outerBoundaryIs>
        </Polygon>
      </Placemark>
      <Placemark>
        <name>Jobin Thomas
</name>
        <styleUrl>#icon-1899-0288D1-nodesc</styleUrl>
        <Point>
          <coordinates>
            77.6326962,12.8478779,0
          </coordinates>
        </Point>
      </Placemark>
      <Placemark>
        <name>Jobin Thomas
</name>
        <styleUrl>#poly-E65100-2601-112-nodesc</styleUrl>
        <Polygon>
          <outerBoundaryIs>
            <LinearRing>
              <tessellate>1</tessellate>
              <coordinates>
                77.6236015,12.8600254,0
                77.6090961,12.8497328,0
                77.6207691,12.834084,0
                77.6299531,12.8248367,0
                77.6417118,12.8273053,0
                77.6501662,12.8216564,0
                77.6586204,12.8242088,0
                77.6647144,12.8307365,0
                77.6670318,12.8447119,0
                77.6561747,12.8561763,0
                77.6423984,12.8634562,0
                77.6236015,12.8600254,0
              </coordinates>
            </LinearRing>
          </outerBoundaryIs>
        </Polygon>
      </Placemark>
      <Placemark>
        <name>Ravi kumar B S</name>
        <description><![CDATA[6 am to 6 pm <br>english, hindi, kannada, <br>mondays off<br>belano 2019]]></description>
        <styleUrl>#poly-C2185B-1200-77</styleUrl>
        <Polygon>
          <outerBoundaryIs>
            <LinearRing>
              <tessellate>1</tessellate>
              <coordinates>
                77.4978385,13.0400665,0
                77.4951991,13.0385614,0
                77.4938473,13.0358856,0
                77.490972,13.0310357,0
                77.487925,13.0275654,0
                77.486938,13.0239278,0
                77.4872813,13.0208755,0
                77.4876246,13.017656,0
                77.4891696,13.0118859,0
                77.5019583,13.0041085,0
                77.5145756,13.0017668,0
                77.5220428,13.0034395,0
                77.5288233,13.0075373,0
                77.5328574,13.0138093,0
                77.5346169,13.0184923,0
                77.5348315,13.0228408,0
                77.5338445,13.0280671,0
                77.5304541,13.0324572,0
                77.5198111,13.0383942,0
                77.5129447,13.0413208,0
                77.5050483,13.0414044,0
                77.5018296,13.040401,0
                77.4978385,13.0400665,0
              </coordinates>
            </LinearRing>
          </outerBoundaryIs>
        </Polygon>
      </Placemark>
      <Placemark>
        <name>Ravi kumar B S</name>
        <description><![CDATA[6 am to 6 pm <br>english, hindi, kannada, <br>mondays off<br>belano 2019]]></description>
        <styleUrl>#icon-1899-0288D1</styleUrl>
        <Point>
          <coordinates>
            77.50462,13.0344641,0
          </coordinates>
        </Point>
      </Placemark>
      <Placemark>
        <name>Nageshwar Sharma
</name>
        <styleUrl>#icon-1899-0288D1-nodesc</styleUrl>
        <Point>
          <coordinates>
            77.5774254,13.0514767,0
          </coordinates>
        </Point>
      </Placemark>
      <Placemark>
        <name>Mohammed Shabaz
</name>
        <description><![CDATA[8 am to 12 pm<br>friday off<br>starting from monday<br>swift 2014]]></description>
        <styleUrl>#poly-E65100-1-97</styleUrl>
        <Polygon>
          <outerBoundaryIs>
            <LinearRing>
              <tessellate>1</tessellate>
              <coordinates>
                77.5750946,13.0481212,0
                77.5620488,13.0533051,0
                77.5476297,13.0519673,0
                77.5361288,13.0474523,0
                77.5304541,13.0324572,0
                77.5325243,13.0243743,0
                77.5368153,13.0188553,0
                77.5508248,13.010843,0
                77.5596984,13.0151004,0
                77.5661684,13.0156779,0
                77.5698589,13.0150089,0
                77.5776695,13.0180191,0
                77.578356,13.0287225,0
                77.5786005,13.0392127,0
                77.5750946,13.0481212,0
              </coordinates>
            </LinearRing>
          </outerBoundaryIs>
        </Polygon>
      </Placemark>
      <Placemark>
        <name>Sanjay V</name>
        <styleUrl>#icon-1899-0288D1-nodesc</styleUrl>
        <Point>
          <coordinates>
            77.5775731,12.9942075,0
          </coordinates>
        </Point>
      </Placemark>
      <Placemark>
        <name>Sanjay V</name>
        <description><![CDATA[6 am to 10 am<br>fridays off<br>English , hindi, kannada, tamil telagu<br>sat and sundays <br>6am to 6pm ]]></description>
        <styleUrl>#poly-0288D1-1200-135</styleUrl>
        <Polygon>
          <outerBoundaryIs>
            <LinearRing>
              <tessellate>1</tessellate>
              <coordinates>
                77.5880004,13.0135668,0
                77.5804474,13.0175808,0
                77.5682595,13.0199223,0
                77.5629381,13.0169118,0
                77.5543551,13.0110581,0
                77.5504069,13.0040333,0
                77.5487761,12.9971756,0
                77.5482611,12.9947503,0
                77.5485186,12.9904851,0
                77.5521235,12.9849652,0
                77.5605349,12.9806161,0
                77.571521,12.975096,0
                77.5857689,12.9789434,0
                77.5976134,12.9874742,0
                77.5981284,13.0005209,0
                77.5880004,13.0135668,0
              </coordinates>
            </LinearRing>
          </outerBoundaryIs>
        </Polygon>
      </Placemark>
      <Placemark>
        <name>Ravichandra Babu
</name>
        <description><![CDATA[6 am 6pm<br>mondays off<br>swift <br>kannada, english , hindi ]]></description>
        <styleUrl>#icon-1899-0288D1</styleUrl>
        <Point>
          <coordinates>
            77.5224864,12.9587649,0
          </coordinates>
        </Point>
      </Placemark>
      <Placemark>
        <name>Ravichandra Babu
</name>
        <description><![CDATA[6 am 6pm<br>mondays off<br>swift <br>kannada, english , hindi ]]></description>
        <styleUrl>#poly-E65100-1-110</styleUrl>
        <Polygon>
          <outerBoundaryIs>
            <LinearRing>
              <tessellate>1</tessellate>
              <coordinates>
                77.54437,12.941321,0
                77.5460865,12.9431611,0
                77.5469199,12.952238,0
                77.5486614,12.9588857,0
                77.5447137,12.9690892,0
                77.5356163,12.9802965,0
                77.5219078,12.979522,0
                77.5088389,12.9786236,0
                77.4952787,12.9695912,0
                77.4920173,12.9545363,0
                77.4976819,12.9475106,0
                77.5034751,12.9419903,0
                77.5118856,12.9377662,0
                77.5213692,12.9356123,0
                77.5313678,12.9352984,0
                77.539049,12.9368042,0
                77.54437,12.941321,0
              </coordinates>
            </LinearRing>
          </outerBoundaryIs>
        </Polygon>
      </Placemark>
      <Placemark>
        <name>Thilak Raj V</name>
        <description><![CDATA[6am to 6 pm <br>mondays off<br>kwid 2022<br>hindi,english,kannada,tamil and telegu<br>kr puram]]></description>
        <styleUrl>#poly-01579B-1200-112</styleUrl>
        <Polygon>
          <outerBoundaryIs>
            <LinearRing>
              <tessellate>1</tessellate>
              <coordinates>
                77.7163322,13.0292148,0
                77.7121264,13.0282949,0
                77.7063759,13.0252845,0
                77.7025134,13.0214378,0
                77.700196,13.0189291,0
                77.6979,13.0158768,0
                77.6978357,13.0107338,0
                77.6978786,13.0063015,0
                77.6999171,13.0045244,0
                77.7016981,13.0028309,0
                77.7039726,13.0012837,0
                77.7101524,13.0003637,0
                77.7158172,13.0001129,0
                77.7193362,12.9999456,0
                77.7230699,13.0008447,0
                77.7261169,13.0020363,0
                77.7281768,13.0037926,0
                77.7310951,13.005967,0
                77.7349146,13.0087685,0
                77.7368886,13.0091449,0
                77.7386481,13.0121972,0
                77.7380903,13.0167549,0
                77.7311809,13.0180092,0
                77.7278818,13.020452,0
                77.721482,13.0213542,0
                77.7201087,13.0228594,0
                77.7202804,13.0284621,0
                77.7163322,13.0292148,0
              </coordinates>
            </LinearRing>
          </outerBoundaryIs>
        </Polygon>
      </Placemark>
      <Placemark>
        <name>Dathatreya Gurudath
</name>
        <description><![CDATA[6 am to 8:30 am<br>mondays off<br>kwid 2023<br>hindi english kannada]]></description>
        <styleUrl>#icon-1899-0288D1</styleUrl>
        <Point>
          <coordinates>
            77.6266121,13.0983739,0
          </coordinates>
        </Point>
      </Placemark>
      <Placemark>
        <name>Dathatreya Gurudath
</name>
        <description><![CDATA[6 am to 8:30 am<br>mondays off<br>kwid 2023]]></description>
        <styleUrl>#poly-FBC02D-1200-189</styleUrl>
        <Polygon>
          <outerBoundaryIs>
            <LinearRing>
              <tessellate>1</tessellate>
              <coordinates>
                77.6344952,13.0734103,0
                77.6383998,13.0756256,0
                77.6409316,13.078844,0
                77.6435493,13.0839014,0
                77.643236,13.0879214,0
                77.6432704,13.092804,0
                77.6402021,13.0944758,0
                77.6376705,13.0999928,0
                77.6322209,13.1070044,0
                77.6178449,13.1081643,0
                77.6056584,13.1024905,0
                77.599823,13.0989899,0
                77.5993086,13.0959805,0
                77.5993087,13.0946432,0
                77.59875,13.0923682,0
                77.5975067,13.0893768,0
                77.5968845,13.0867645,0
                77.5958331,13.0850718,0
                77.5949533,13.0816654,0
                77.5948137,13.079795,0
                77.594674,13.0772557,0
                77.5969054,13.0752497,0
                77.6018833,13.0707355,0
                77.6081889,13.0686387,0
                77.6195621,13.0647158,0
                77.6273719,13.0675582,0
                77.6311053,13.0699826,0
                77.6344952,13.0734103,0
              </coordinates>
            </LinearRing>
          </outerBoundaryIs>
        </Polygon>
      </Placemark>
      <Placemark>
        <name>Chandan SK</name>
        <description><![CDATA[6 am to 9 pm<br>alto k10 2026<br>english hindi, kannada]]></description>
        <styleUrl>#icon-1899-0288D1</styleUrl>
        <Point>
          <coordinates>
            77.498474,12.9247093,0
          </coordinates>
        </Point>
      </Placemark>
      <Placemark>
        <name>Chandan SK</name>
        <description><![CDATA[6 am to 9pm<br>alto k 10 2026]]></description>
        <styleUrl>#poly-7CB342-1-0</styleUrl>
        <Polygon>
          <outerBoundaryIs>
            <LinearRing>
              <tessellate>1</tessellate>
              <coordinates>
                77.4898042,12.9275526,0
                77.5040528,12.9252104,0
                77.5128936,12.928724,0
                77.5217773,12.9302299,0
                77.5213692,12.9356123,0
                77.523623,12.9417744,0
                77.5248247,12.9486341,0
                77.5214345,12.9559116,0
                77.5252537,12.9618505,0
                77.5145244,12.9623526,0
                77.5093343,12.9626228,0
                77.5024275,12.9645657,0
                77.4809844,12.9653696,0
                77.4734096,12.9657821,0
                77.4708345,12.958923,0
                77.4696329,12.9534021,0
                77.4699762,12.944535,0
                77.4693391,12.9300412,0
                77.4898042,12.9275526,0
              </coordinates>
            </LinearRing>
          </outerBoundaryIs>
        </Polygon>
      </Placemark>
      <Placemark>
        <name>Chandrashaker / kishor</name>
        <description><![CDATA[7 am to 7 pm<br>sundays off<br>swift<br>hindi, kannada,english]]></description>
        <styleUrl>#icon-1899-0288D1</styleUrl>
        <Point>
          <coordinates>
            77.5762429,12.8934695,0
          </coordinates>
        </Point>
      </Placemark>
      <Placemark>
        <name>Anas</name>
        <styleUrl>#icon-1899-0288D1-nodesc</styleUrl>
        <Point>
          <coordinates>
            77.6076675,12.9850014,0
          </coordinates>
        </Point>
      </Placemark>
      <Placemark>
        <name>Anas</name>
        <description><![CDATA[7am to 9 pm<br>fridays off<br>hindi, and english manageable<br>i10<br> ]]></description>
        <styleUrl>#poly-F57C00-1200-125</styleUrl>
        <Polygon>
          <outerBoundaryIs>
            <LinearRing>
              <tessellate>1</tessellate>
              <coordinates>
                77.6390561,12.9819787,0
                77.6357945,12.973782,0
                77.6338204,12.9692653,0
                77.6354512,12.9624066,0
                77.6418028,12.952369,0
                77.6534759,12.947852,0
                77.668754,12.9471828,0
                77.6787106,12.9532055,0
                77.6805132,12.9572205,0
                77.6799982,12.9593954,0
                77.6798856,12.9676308,0
                77.6787107,12.9712729,0
                77.6723591,12.9788842,0
                77.6672949,12.9862443,0
                77.6596558,12.9886697,0
                77.6521026,12.9895061,0
                77.645236,12.9871643,0
                77.6390561,12.9819787,0
              </coordinates>
            </LinearRing>
          </outerBoundaryIs>
        </Polygon>
      </Placemark>
      <Placemark>
        <name>Pradeep BK</name>
        <styleUrl>#icon-1899-0288D1-nodesc</styleUrl>
        <Point>
          <coordinates>
            77.5537062,13.0634474,0
          </coordinates>
        </Point>
      </Placemark>
      <Placemark>
        <name>Harish P</name>
        <description><![CDATA[12 pm to 8 pm<br>Sunday off<br>hindi,english,kannada,tamil,tlagu,<br>eon 2015]]></description>
        <styleUrl>#poly-1A237E-1200-77</styleUrl>
        <Polygon>
          <outerBoundaryIs>
            <LinearRing>
              <tessellate>1</tessellate>
              <coordinates>
                77.7666141,12.93538,0
                77.7577732,12.9412363,0
                77.7546185,12.9430768,0
                77.7515393,12.943537,0
                77.7469151,12.9451682,0
                77.7338256,12.942993,0
                77.729083,12.9435377,0
                77.7226238,12.941907,0
                77.719491,12.9404001,0
                77.7190406,12.9342508,0
                77.7186973,12.9296498,0
                77.7175922,12.9277465,0
                77.7170397,12.9271294,0
                77.715991,12.9265699,0
                77.7171739,12.9240864,0
                77.7181181,12.9219109,0
                77.7224742,12.9209278,0
                77.7260152,12.9202374,0
                77.7289332,12.9198193,0
                77.7346839,12.9183134,0
                77.746872,12.9116209,0
                77.7540821,12.9117881,0
                77.7611201,12.9124572,0
                77.7640386,12.9171422,0
                77.7688882,12.9268049,0
                77.7666141,12.93538,0
              </coordinates>
            </LinearRing>
          </outerBoundaryIs>
        </Polygon>
      </Placemark>
      <Placemark>
        <name>Harish P</name>
        <styleUrl>#icon-1899-0288D1-nodesc</styleUrl>
        <Point>
          <coordinates>
            77.7663454,12.9146071,0
          </coordinates>
        </Point>
      </Placemark>
      <Placemark>
        <name>Pradeep BK
</name>
        <description><![CDATA[6 am to 11:30 am<br>mondays off<br>English, Kannada and Hindi <br>santro xing great condition]]></description>
        <styleUrl>#poly-7CB342-1-112</styleUrl>
        <Polygon>
          <outerBoundaryIs>
            <LinearRing>
              <tessellate>1</tessellate>
              <coordinates>
                77.5508069,13.0626569,0
                77.5506767,13.0595741,0
                77.5530385,13.0486101,0
                77.5621366,13.0427569,0
                77.5883399,13.0535459,0
                77.593379,13.0611519,0
                77.5928641,13.0651651,0
                77.5913191,13.0718538,0
                77.5897743,13.0763686,0
                77.5875427,13.0802144,0
                77.5782728,13.088909,0
                77.5647115,13.0869026,0
                77.5530385,13.0813848,0
                77.5520085,13.0736931,0
                77.5508069,13.0626569,0
              </coordinates>
            </LinearRing>
          </outerBoundaryIs>
        </Polygon>
      </Placemark>
      <Placemark>
        <name>Abhishek</name>
        <description><![CDATA[7 am to 7 pm<br>monday off<br>i20 ]]></description>
        <styleUrl>#poly-E65100-1200-0</styleUrl>
        <Polygon>
          <outerBoundaryIs>
            <LinearRing>
              <tessellate>1</tessellate>
              <coordinates>
                77.7576426,12.9765358,0
                77.7461413,12.9781249,0
                77.7349307,12.9777463,0
                77.7249841,12.9746539,0
                77.7215412,12.9659112,0
                77.7184609,12.9551652,0
                77.7203921,12.9496863,0
                77.7317217,12.9482224,0
                77.7377728,12.9519447,0
                77.7518061,12.9560434,0
                77.7588442,12.9620658,0
                77.7621488,12.963446,0
                77.7639727,12.96928,0
                77.7607325,12.9730229,0
                77.7576426,12.9765358,0
              </coordinates>
            </LinearRing>
          </outerBoundaryIs>
        </Polygon>
      </Placemark>
      <Placemark>
        <name>Mohammed Hassan (Suraj)</name>
        <description><![CDATA[11:30 am to 2.00 pm<br>3 :00 pm to 9:00 pm<br>mondays off<br>hindi english kannada,bengali,etc<br>varna 2009<br>2 hrs preferred ..  ]]></description>
        <styleUrl>#poly-B2EBF2-1-0</styleUrl>
        <Polygon>
          <outerBoundaryIs>
            <LinearRing>
              <tessellate>1</tessellate>
              <coordinates>
                77.6385493,12.9846241,0
                77.6328845,12.9816132,0
                77.6304812,12.9722457,0
                77.6314459,12.9613807,0
                77.6424975,12.9496619,0
                77.6531404,12.9486581,0
                77.6622073,12.949188,0
                77.6739042,12.9520345,0
                77.6812928,12.9563536,0
                77.6827252,12.9610918,0
                77.6840469,12.967853,0
                77.6838678,12.9725802,0
                77.6828378,12.9749222,0
                77.6800912,12.9792713,0
                77.6763147,12.9871331,0
                77.6701348,12.9924857,0
                77.6679033,12.9929875,0
                77.6641267,12.9934893,0
                77.6565736,12.9924857,0
                77.6486773,12.9893076,0
                77.6385493,12.9846241,0
              </coordinates>
            </LinearRing>
          </outerBoundaryIs>
        </Polygon>
      </Placemark>
      <Placemark>
        <name>Yogaraj j
</name>
        <description><![CDATA[6 am to 8:30am<br>11:30am to 7 pm<br>ford figo<br>english,hindi,kannada,tamil<br>fridays off<br>starting from 20th july]]></description>
        <styleUrl>#icon-1899-0288D1</styleUrl>
        <Point>
          <coordinates>
            77.6790765,13.0239613,0
          </coordinates>
        </Point>
      </Placemark>
      <Placemark>
        <name>Yogaraj j
</name>
        <description><![CDATA[6 am to 8:30am<br>11:30am to 7 pm<br>ford figo<br>english,hindi,kannada,tamil<br>Fridays off]]></description>
        <styleUrl>#poly-CE93D8-1701-194</styleUrl>
        <Polygon>
          <outerBoundaryIs>
            <LinearRing>
              <tessellate>1</tessellate>
              <coordinates>
                77.7041928,13.0235432,0
                77.7041928,13.0281425,0
                77.7028196,13.0364209,0
                77.6981847,13.0426922,0
                77.6879708,13.0462041,0
                77.6735511,13.0448663,0
                77.6626505,13.0390131,0
                77.6601614,13.0296476,0
                77.6627364,13.0179404,0
                77.6732077,13.0089923,0
                77.6862541,13.0063162,0
                77.6958656,13.010511,0
                77.7017022,13.0183719,0
                77.7041928,13.0235432,0
              </coordinates>
            </LinearRing>
          </outerBoundaryIs>
        </Polygon>
      </Placemark>
      <Placemark>
        <name>Thilak Raj V</name>
        <description>new</description>
        <styleUrl>#icon-1899-0288D1</styleUrl>
        <Point>
          <coordinates>
            77.7150188,13.0138353,0
          </coordinates>
        </Point>
      </Placemark>
      <Placemark>
        <name>Brendan Randle Kishander</name>
        <description><![CDATA[6 am to 9 pm<br>mondays off<br>grand i10 2019<br>english, hindi, kannada, tamil<br>hormavu, thanisandra]]></description>
        <styleUrl>#icon-1899-0288D1</styleUrl>
        <Point>
          <coordinates>
            77.6371821,13.0434708,0
          </coordinates>
        </Point>
      </Placemark>
      <Placemark>
        <name>Santhosh</name>
        <description><![CDATA[6 am to 7 pm<br>Tuesday off<br>hindi, kannada and eng manageable <br>belano zeta 2026]]></description>
        <styleUrl>#poly-FFD600-601-102</styleUrl>
        <Polygon>
          <outerBoundaryIs>
            <LinearRing>
              <tessellate>1</tessellate>
              <coordinates>
                77.5694772,12.9294091,0
                77.5675205,12.9200831,0
                77.5711932,12.9107888,0
                77.5775444,12.902339,0
                77.5905052,12.8996271,0
                77.596642,12.8982911,0
                77.6007357,12.9020357,0
                77.6061808,12.9038465,0
                77.6087604,12.907779,0
                77.611061,12.9113421,0
                77.6126227,12.923172,0
                77.6091728,12.9275713,0
                77.5998342,12.9377274,0
                77.5952425,12.9431228,0
                77.5897925,12.9414916,0
                77.5715948,12.9361316,0
                77.5694772,12.9294091,0
              </coordinates>
            </LinearRing>
          </outerBoundaryIs>
        </Polygon>
      </Placemark>
      <Placemark>
        <name>Brendan Randle Kishander</name>
        <description><![CDATA[6 am to 9 pm<br>mondays off<br>grand i10 2019<br>english, hindi, kannada, tamil<br>hormavu, thanisandra]]></description>
        <styleUrl>#poly-C2185B-1200-77</styleUrl>
        <Polygon>
          <outerBoundaryIs>
            <LinearRing>
              <tessellate>1</tessellate>
              <coordinates>
                77.6363466,13.0428629,0
                77.6428696,13.0336649,0
                77.6571175,13.0264736,0
                77.6691337,13.0251356,0
                77.6823516,13.0296512,0
                77.6893896,13.035839,0
                77.6905912,13.0440335,0
                77.6897329,13.0527294,0
                77.6838107,13.0589167,0
                77.676086,13.0616758,0
                77.6664729,13.0626792,0
                77.652311,13.0590839,0
                77.639093,13.0527294,0
                77.6363466,13.0428629,0
              </coordinates>
            </LinearRing>
          </outerBoundaryIs>
        </Polygon>
      </Placemark>
      <Placemark>
        <name>Bhanu Prakash</name>
        <description><![CDATA[7:30 AM to 7 PM<br>lunch break 1 to 2pm <br>mondays off<br>igns]]></description>
        <styleUrl>#poly-558B2F-1-125</styleUrl>
        <Polygon>
          <outerBoundaryIs>
            <LinearRing>
              <tessellate>1</tessellate>
              <coordinates>
                77.5854657,12.8863343,0
                77.6024512,12.8890338,0
                77.6105014,12.8968999,0
                77.6140452,12.9086713,0
                77.6064066,12.9208427,0
                77.605248,12.9239378,0
                77.6046474,12.9261544,0
                77.603403,12.9337666,0
                77.5886413,12.9431348,0
                77.5778206,12.9395198,0
                77.5730134,12.9278569,0
                77.5718593,12.9204807,0
                77.5713918,12.9132718,0
                77.571778,12.907291,0
                77.5734946,12.9026898,0
                77.5726363,12.8995945,0
                77.5762429,12.8934695,0
                77.5787938,12.8901622,0
                77.5815608,12.8858324,0
                77.5854657,12.8863343,0
              </coordinates>
            </LinearRing>
          </outerBoundaryIs>
        </Polygon>
      </Placemark>
      <Placemark>
        <name>VIJAY KUMAR S</name>
        <styleUrl>#icon-1899-0288D1-nodesc</styleUrl>
        <Point>
          <coordinates>
            77.5716896,12.9459444,0
          </coordinates>
        </Point>
      </Placemark>
      <Placemark>
        <name>VIJAY KUMAR S</name>
        <description><![CDATA[6 am to 3 pm<br><br>tata punch 2022<br>hindi,english,kannada]]></description>
        <styleUrl>#poly-673AB7-1401-66</styleUrl>
        <Polygon>
          <outerBoundaryIs>
            <LinearRing>
              <tessellate>1</tessellate>
              <coordinates>
                77.5536439,12.9443966,0
                77.5533007,12.9393776,0
                77.5538498,12.9357582,0
                77.5540687,12.9291609,0
                77.5568626,12.922647,0
                77.5628766,12.9181613,0
                77.5692649,12.91654,0
                77.5799078,12.9167073,0
                77.5871354,12.917941,0
                77.5919239,12.9227307,0
                77.591838,12.9274154,0
                77.592868,12.9353624,0
                77.592868,12.9407997,0
                77.588834,12.948328,0
                77.5799078,12.9543506,0
                77.5713248,12.9548524,0
                77.5644155,12.9541415,0
                77.5587078,12.9517575,0
                77.554588,12.9484953,0
                77.5536439,12.9443966,0
              </coordinates>
            </LinearRing>
          </outerBoundaryIs>
        </Polygon>
      </Placemark>
      <Placemark>
        <name>Arun M</name>
        <description><![CDATA[7:30 to 7 pm <br>sundays off<br>kannada, hindi,tamil, telagu and english (manageable)<br>swift 2018 ]]></description>
        <styleUrl>#poly-558B2F-1200-125</styleUrl>
        <Polygon>
          <outerBoundaryIs>
            <LinearRing>
              <tessellate>1</tessellate>
              <coordinates>
                77.5729847,12.8508351,0
                77.5812244,12.8506677,0
                77.5908375,12.8508351,0
                77.5942707,12.8529271,0
                77.5985622,12.8535128,0
                77.6083468,12.8546844,0
                77.6099776,12.8607929,0
                77.6099775,12.8663155,0
                77.6056861,12.8726749,0
                77.6010513,12.8772768,0
                77.5962877,12.8783226,0
                77.5898075,12.8795359,0
                77.588005,12.8799543,0
                77.5848293,12.8792012,0
                77.5813103,12.8790339,0
                77.5777914,12.8785319,0
                77.5762463,12.8783018,0
                77.5754739,12.8771514,0
                77.5736714,12.8766702,0
                77.5726415,12.8757707,0
                77.5716973,12.8735533,0
                77.5705814,12.8717544,0
                77.5701523,12.8696626,0
                77.5695516,12.8637216,0
                77.5691224,12.8625083,0
                77.5694657,12.8596213,0
                77.5698948,12.8546007,0
                77.5710107,12.8522159,0
                77.5719977,12.8511907,0
                77.5729847,12.8508351,0
              </coordinates>
            </LinearRing>
          </outerBoundaryIs>
        </Polygon>
      </Placemark>
      <Placemark>
        <name>Arun M</name>
        <styleUrl>#icon-1899-0288D1-nodesc</styleUrl>
        <Point>
          <coordinates>
            77.578106,12.8478019,0
          </coordinates>
        </Point>
      </Placemark>
      <Placemark>
        <name>Shashidhar s kundapur</name>
        <description><![CDATA[6 am to 3 pm<br>8 to 9 break<br>sundays 9 am to 6 pm<br>mondays off <br>swift dizr<br>english, kannada ,hindi, tulu ]]></description>
        <styleUrl>#icon-1899-0288D1</styleUrl>
        <Point>
          <coordinates>
            77.5409656,13.0010173,0
          </coordinates>
        </Point>
      </Placemark>
      <Placemark>
        <name>Shashidhar s kundapur</name>
        <description><![CDATA[6 am to 3 pm<br>8 to 9 break<br>sundays 9 am to 6 pm<br>mondays off <br>swift dizr<br>english, kannada ,hindi, tulu ]]></description>
        <styleUrl>#poly-C2185B-1200-130</styleUrl>
        <Polygon>
          <outerBoundaryIs>
            <LinearRing>
              <tessellate>1</tessellate>
              <coordinates>
                77.5341094,13.0268815,0
                77.5256974,13.0221983,0
                77.519517,13.012497,0
                77.5203754,13.0019589,0
                77.5224357,12.9950169,0
                77.5241523,12.9880748,0
                77.5268991,12.9809652,0
                77.5334227,12.9775358,0
                77.5425214,12.9778704,0
                77.5511053,12.9800451,0
                77.5571351,12.9837491,0
                77.5617491,12.9949334,0
                77.564496,12.9997844,0
                77.5649466,13.0117466,0
                77.5588306,13.0268815,0
                77.5487018,13.0298921,0
                77.5392596,13.0295576,0
                77.5341094,13.0268815,0
              </coordinates>
            </LinearRing>
          </outerBoundaryIs>
        </Polygon>
      </Placemark>
      <Placemark>
        <name>Mohammed Imran SHARIFF (BTM)</name>
        <description><![CDATA[9 am to 9 am<br>friday  off<br>frons 2023<br>english , kannada ,hindi]]></description>
        <styleUrl>#icon-1899-0288D1</styleUrl>
        <Point>
          <coordinates>
            77.6059858,12.9201576,0
          </coordinates>
        </Point>
      </Placemark>
      <Placemark>
        <name>Mohammed Imran SHARIFF (BTM)</name>
        <description><![CDATA[6 am to 7.30 PM<br>friday off<br>Chevrolet Beat 2014<br>english , kannada ,hindi]]></description>
        <styleUrl>#poly-A1C2FA-1-176</styleUrl>
        <Polygon>
          <outerBoundaryIs>
            <LinearRing>
              <tessellate>1</tessellate>
              <coordinates>
                77.5978175,12.9361673,0
                77.5963229,12.9301761,0
                77.5943843,12.9239538,0
                77.5936976,12.9201892,0
                77.5955859,12.9164246,0
                77.5998775,12.9078913,0
                77.6125804,12.9047958,0
                77.6185027,12.9056742,0
                77.6244251,12.9078913,0
                77.6295749,12.9130782,0
                77.6326648,12.9199383,0
                77.6332869,12.9250477,0
                77.6315058,12.9294878,0
                77.6293388,12.934417,0
                77.6256267,12.9382587,0
                77.6230433,12.9396358,0
                77.6159967,12.937416,0
                77.605714,12.9388442,0
                77.5978175,12.9361673,0
              </coordinates>
            </LinearRing>
          </outerBoundaryIs>
        </Polygon>
      </Placemark>
      <Placemark>
        <name>Iftekhar</name>
        <styleUrl>#icon-1899-0288D1-nodesc</styleUrl>
        <Point>
          <coordinates>
            77.6094543,13.0236107,0
          </coordinates>
        </Point>
      </Placemark>
      <Placemark>
        <name>Iftekhar</name>
        <description><![CDATA[7am to 7 pm<br>santro xp<br>hebbal nagarvavi<br>mondays off]]></description>
        <styleUrl>#poly-817717-1200-0</styleUrl>
        <Polygon>
          <outerBoundaryIs>
            <LinearRing>
              <tessellate>1</tessellate>
              <coordinates>
                77.6092823,13.0139108,0
                77.617865,13.0177574,0
                77.6242165,13.0246144,0
                77.6261904,13.0339797,0
                77.6226714,13.0410035,0
                77.6143853,13.0480421,0
                77.6016185,13.0514524,0
                77.5911724,13.046522,0
                77.5869667,13.0428429,0
                77.582847,13.0389967,0
                77.5788989,13.0308023,0
                77.5795856,13.0221058,0
                77.5826754,13.0162522,0
                77.5886834,13.0117365,0
                77.5994978,13.010064,0
                77.6092823,13.0139108,0
              </coordinates>
            </LinearRing>
          </outerBoundaryIs>
        </Polygon>
      </Placemark>
      <Placemark>
        <name>Mohammed Imran A(HSR)</name>
        <description><![CDATA[12 pm to 4 pm<br>fridays off<br>saturday 1pm to 8 pm<br>sundays 10 am to 8 pm<br>beat 2012]]></description>
        <styleUrl>#icon-1899-0288D1</styleUrl>
        <Point>
          <coordinates>
            77.6344731,12.8916208,0
          </coordinates>
        </Point>
      </Placemark>
      <Placemark>
        <name>Mohammed Imran A(HSR)</name>
        <styleUrl>#poly-C2185B-1-125-nodesc</styleUrl>
        <Polygon>
          <outerBoundaryIs>
            <LinearRing>
              <tessellate>1</tessellate>
              <coordinates>
                77.6285362,12.9006289,0
                77.6310825,12.8961807,0
                77.6340008,12.8913697,0
                77.6420692,12.8895709,0
                77.6486783,12.8907423,0
                77.6559526,12.8929177,0
                77.660373,12.8977706,0
                77.661918,12.9063462,0
                77.6580983,12.9134158,0
                77.6545363,12.9161975,0
                77.6509742,12.9181426,0
                77.6482276,12.9203595,0
                77.6427343,12.9182262,0
                77.6394371,12.9151858,0
                77.632692,12.9159674,0
                77.6281454,12.9112757,0
                77.6296448,12.906388,0
                77.6285362,12.9006289,0
              </coordinates>
            </LinearRing>
          </outerBoundaryIs>
        </Polygon>
      </Placemark>
      <Placemark>
        <name>A Sagar Rao</name>
        <description><![CDATA[7 am to 9pm<br>swift dizr<br>english, hindi , kannada,]]></description>
        <styleUrl>#icon-1899-0288D1</styleUrl>
        <Point>
          <coordinates>
            77.5198871,12.9257733,0
          </coordinates>
        </Point>
      </Placemark>
      <Placemark>
        <name>A Sagar Rao</name>
        <description><![CDATA[7 am to 9pm<br>swift dizr<br>english, hindi , kannada,]]></description>
        <styleUrl>#poly-E65100-1200-143</styleUrl>
        <Polygon>
          <outerBoundaryIs>
            <LinearRing>
              <tessellate>1</tessellate>
              <coordinates>
                77.5319034,12.9286176,0
                77.5318176,12.9154835,0
                77.5313884,12.9113841,0
                77.5361949,12.9088743,0
                77.539714,12.9064481,0
                77.545808,12.9042729,0
                77.5519878,12.9043565,0
                77.5546137,12.9049315,0
                77.5636607,12.9100456,0
                77.5672264,12.9163309,0
                77.566064,12.9241002,0
                77.5602275,12.9299561,0
                77.553876,12.9324657,0
                77.543748,12.9343061,0
                77.5348216,12.9339715,0
                77.5319034,12.9286176,0
              </coordinates>
            </LinearRing>
          </outerBoundaryIs>
        </Polygon>
      </Placemark>
      <Placemark>
        <name>Rehan Khan</name>
        <description><![CDATA[6 AM TO 7 PM<br>FRIDAYS OFF<br>HINDI, ENGLISH, KANNADA,,<br>SWIFT ]]></description>
        <styleUrl>#poly-01579B-1200-0</styleUrl>
        <Polygon>
          <outerBoundaryIs>
            <LinearRing>
              <tessellate>1</tessellate>
              <coordinates>
                77.6367381,12.9890338,0
                77.6329616,12.9880012,0
                77.6278787,12.9769002,0
                77.6306253,12.9660265,0
                77.638007,12.9584983,0
                77.6495088,12.9539813,0
                77.662384,12.9539813,0
                77.6714824,12.9569927,0
                77.6736477,12.9635772,0
                77.6744007,12.9708779,0
                77.672684,12.9802459,0
                77.6647873,12.9886098,0
                77.6435617,12.9909099,0
                77.6367381,12.9890338,0
              </coordinates>
            </LinearRing>
          </outerBoundaryIs>
        </Polygon>
      </Placemark>
      <Placemark>
        <name>BABAJAN N </name>
        <description><![CDATA[6 am to 8 pm<br>Mondays off<br>Celerio 2018]]></description>
        <styleUrl>#poly-F9A825-1-0</styleUrl>
        <Polygon>
          <outerBoundaryIs>
            <LinearRing>
              <tessellate>1</tessellate>
              <coordinates>
                77.7009436,12.9711391,0
                77.7031749,12.9646156,0
                77.7018014,12.9584263,0
                77.6995697,12.9492256,0
                77.7201682,12.9490583,0
                77.7208544,12.9609355,0
                77.7214644,12.9625259,0
                77.7215412,12.9659112,0
                77.7223775,12.9704996,0
                77.7245549,12.9757412,0
                77.7260045,12.9865277,0
                77.7258331,12.9912111,0
                77.7275498,12.9952254,0
                77.72343,12.9955598,0
                77.7090111,12.9893708,0
                77.70369,12.988869,0
                77.6963091,12.9858584,0
                77.6930477,12.9831822,0
                77.6949359,12.979837,0
                77.6981973,12.9754881,0
                77.7009436,12.9711391,0
              </coordinates>
            </LinearRing>
          </outerBoundaryIs>
        </Polygon>
      </Placemark>
      <Placemark>
        <name>Vinod Kumar</name>
        <styleUrl>#icon-1899-0288D1-nodesc</styleUrl>
        <Point>
          <coordinates>
            77.7070133,12.7985623,0
          </coordinates>
        </Point>
      </Placemark>
      <Placemark>
        <name>Vinod Kumar</name>
        <description><![CDATA[6 am to 6 pm<br>mondays off<br>english hindi kannada<br>kiger 2023]]></description>
        <styleUrl>#poly-000000-1200-77</styleUrl>
        <Polygon>
          <outerBoundaryIs>
            <LinearRing>
              <tessellate>1</tessellate>
              <coordinates>
                77.6692907,12.8505335,0
                77.6716939,12.8476047,0
                77.675728,12.8431695,0
                77.6807062,12.8342152,0
                77.6824228,12.8279386,0
                77.6855127,12.8234194,0
                77.6906625,12.8178121,0
                77.6955549,12.8156361,0
                77.7099744,12.8228336,0
                77.7155534,12.8310351,0
                77.7159826,12.839069,0
                77.7131502,12.84568,0
                77.7073995,12.8594872,0
                77.6967565,12.8659303,0
                77.6876584,12.8660977,0
                77.6803628,12.8630853,0
                77.6698671,12.859998,0
                77.6660291,12.8547175,0
                77.6692907,12.8505335,0
              </coordinates>
            </LinearRing>
          </outerBoundaryIs>
        </Polygon>
      </Placemark>
      <Placemark>
        <name>BABAJAN N</name>
        <styleUrl>#icon-1899-0288D1-nodesc</styleUrl>
        <Point>
          <coordinates>
            77.6837886,13.0014818,0
          </coordinates>
        </Point>
      </Placemark>
      <Placemark>
        <name>Adnan Shama</name>
        <description><![CDATA[6 am to 11:30 pm<br>monday off<br>Tata Harier 2019<br>hindi and english <br><br>9000 - 10 class<br> ]]></description>
        <styleUrl>#poly-FFEA00-1-0</styleUrl>
        <Polygon>
          <outerBoundaryIs>
            <LinearRing>
              <tessellate>1</tessellate>
              <coordinates>
                77.6637432,12.9891645,0
                77.6677773,12.9855681,0
                77.6691102,12.9834708,0
                77.6707007,12.981708,0
                77.675843,12.9761905,0
                77.6778713,12.9763514,0
                77.6817673,12.9761173,0
                77.6880329,12.9781246,0
                77.6925553,12.9817805,0
                77.6927906,12.9829676,0
                77.6846856,12.9946841,0
                77.6811666,12.9998693,0
                77.6781625,13.0001201,0
                77.6760597,12.9994929,0
                77.6742144,12.9988657,0
                77.6695797,12.9969422,0
                77.6662752,12.9949351,0
                77.6641267,12.9934893,0
                77.6637432,12.9891645,0
              </coordinates>
            </LinearRing>
          </outerBoundaryIs>
        </Polygon>
      </Placemark>
      <Placemark>
        <name>SATHISH V</name>
        <styleUrl>#icon-1899-0288D1-nodesc</styleUrl>
        <Point>
          <coordinates>
            77.6077731,12.9501631,0
          </coordinates>
        </Point>
      </Placemark>
      <Placemark>
        <name>SATHISH V</name>
        <description><![CDATA[6 am to 7 pm<br>english , hindi,kannada , tamil<br>eon 2015]]></description>
        <styleUrl>#poly-0F9D58-1200-77</styleUrl>
        <Polygon>
          <outerBoundaryIs>
            <LinearRing>
              <tessellate>1</tessellate>
              <coordinates>
                77.5995657,12.9489045,0
                77.6015398,12.9430491,0
                77.6076338,12.9284935,0
                77.6160309,12.9162868,0
                77.626774,12.912264,0
                77.6355288,12.9169072,0
                77.6419098,12.9222734,0
                77.6467726,12.9238089,0
                77.6514933,12.9256492,0
                77.6507209,12.9257329,0
                77.6524374,12.9282426,0
                77.6526948,12.9294974,0
                77.652609,12.9311705,0
                77.6500342,12.9356041,0
                77.6391337,12.9433001,0
                77.6314089,12.9456422,0
                77.6272032,12.9508285,0
                77.6241504,12.954773,0
                77.619288,12.9544898,0
                77.6104773,12.9527844,0
                77.6018457,12.9520156,0
                77.5995657,12.9489045,0
              </coordinates>
            </LinearRing>
          </outerBoundaryIs>
        </Polygon>
      </Placemark>
      <Placemark>
        <name>Mohammed Shabaz</name>
        <description><![CDATA[6 am to 9 pm<br>friday off<br>starting from monday<br>swift 2014]]></description>
        <styleUrl>#icon-1899-0288D1</styleUrl>
        <Point>
          <coordinates>
            77.5545975,13.0373929,0
          </coordinates>
        </Point>
      </Placemark>
      <Placemark>
        <name>Saveen Kumar</name>
        <description><![CDATA[8:30 am to 12:30 pm<br>5 pm to 9 pm<br>monday off <br>english hindi, kannada<br>beats 2012 ]]></description>
        <styleUrl>#icon-1899-0288D1</styleUrl>
        <Point>
          <coordinates>
            77.6529605,12.8985346,0
          </coordinates>
        </Point>
      </Placemark>
      <Placemark>
        <name>Saveen Kumar</name>
        <styleUrl>#poly-B2EBF2-1-0-nodesc</styleUrl>
        <Polygon>
          <outerBoundaryIs>
            <LinearRing>
              <tessellate>1</tessellate>
              <coordinates>
                77.6381333,12.8939958,0
                77.6436265,12.8857964,0
                77.6460564,12.88121,0
                77.6544411,12.8792701,0
                77.6615649,12.8825332,0
                77.6668007,12.8879717,0
                77.6731522,12.8928244,0
                77.6733238,12.9050395,0
                77.6674874,12.9087207,0
                77.6625503,12.9131238,0
                77.6639646,12.9202876,0
                77.6571877,12.9224407,0
                77.6477463,12.9221061,0
                77.6393349,12.9137403,0
                77.63573,12.9040355,0
                77.6381333,12.8939958,0
              </coordinates>
            </LinearRing>
          </outerBoundaryIs>
        </Polygon>
      </Placemark>
      
      <Placemark>
        <name>Hrithvik P</name>
        <description><![CDATA[6 am to 11 am<br>2 to 7 pm<br>monday off<br>hindi, english kannada<br>swift ]]></description>
        <styleUrl>#poly-01579B-1200-77</styleUrl>
        <Polygon>
          <outerBoundaryIs>
            <LinearRing>
              <tessellate>1</tessellate>
              <coordinates>
                77.5293496,12.9094607,0
                77.5258306,12.9040227,0
                77.5243715,12.89825,0
                77.5240282,12.8897162,0
                77.5300362,12.8845288,0
                77.5346281,12.8801362,0
                77.5414515,12.8775842,0
                77.5478821,12.8758303,0
                77.5545702,12.8754149,0
                77.5617072,12.877166,0
                77.5686594,12.8793413,0
                77.5732941,12.8839431,0
                77.5741525,12.8892142,0
                77.5746674,12.8944014,0
                77.5724359,12.9024331,0
                77.5652262,12.9069509,0
                77.5435972,12.9107992,0
                77.5293496,12.9094607,0
              </coordinates>
            </LinearRing>
          </outerBoundaryIs>
        </Polygon>
      </Placemark>
      <Placemark>
        <name>Basavaling SH
</name>
        <description><![CDATA[7 am to7 pm<br>monday off<br>hindi kannada<br>tata manza 2010]]></description>
        <styleUrl>#icon-1899-0288D1</styleUrl>
        <Point>
          <coordinates>
            77.5658896,12.9953343,0
          </coordinates>
        </Point>
      </Placemark>
      <Placemark>
        <name>Basavaling SH</name>
        <description><![CDATA[7 am to7 pm<br>monday off<br>hindi kannada<br>tata manza 2010]]></description>
        <styleUrl>#poly-000000-801-120</styleUrl>
        <Polygon>
          <outerBoundaryIs>
            <LinearRing>
              <tessellate>1</tessellate>
              <coordinates>
                77.5703528,12.997676,0
                77.5684422,12.9798788,0
                77.5694945,12.9668976,0
                77.5839141,12.9568604,0
                77.5997069,12.9541837,0
                77.6165298,12.9585333,0
                77.6252845,12.9692396,0
                77.6197913,12.9841273,0
                77.6081183,12.9931598,0
                77.5847724,12.9998504,0
                77.5703528,12.997676,0
              </coordinates>
            </LinearRing>
          </outerBoundaryIs>
        </Polygon>
      </Placemark>
      <Placemark>
        <name>Abhishek</name>
        <styleUrl>#icon-1899-0288D1-nodesc</styleUrl>
        <Point>
          <coordinates>
            77.7324715,12.9611066,0
          </coordinates>
        </Point>
      </Placemark>
      <Placemark>
        <name>Adnan Shama</name>
        <description><![CDATA[Tata Harrier (SUV) Driving Classes 🚙<br><br>Vehicle: Tata Harrier SUV<br>Package: 10 Driving Classes Only<br>Driving Classes Fee: ₹9,000<br><br>LL + DL Service: ₹4,500 Extra<br><br>Total (Classes + LL + DL): ₹13,500 - 4 W Only and for 2 W - 2500 Extra - 15000 Final]]></description>
        <styleUrl>#icon-1899-0288D1</styleUrl>
        <Point>
          <coordinates>
            77.6340046,13.0203566,0
          </coordinates>
        </Point>
      </Placemark>
      <Placemark>
        <name>Pranesh Rao</name>
        <description><![CDATA[6 am to 6 pm<br>all days <br>swift 2017<br>kannada hindi]]></description>
        <styleUrl>#icon-1899-0288D1</styleUrl>
        <Point>
          <coordinates>
            77.554585,12.8448741,0
          </coordinates>
        </Point>
      </Placemark>
      <Placemark>
        <name>Pranesh Rao</name>
        <description><![CDATA[6 am to 6 pm<br>all days <br>swift 2017<br>kannada hindi]]></description>
        <styleUrl>#poly-000000-1200-77</styleUrl>
        <Polygon>
          <outerBoundaryIs>
            <LinearRing>
              <tessellate>1</tessellate>
              <coordinates>
                77.5547568,12.834331,0
                77.5652276,12.836172,0
                77.574497,12.8437033,0
                77.5760419,12.8569244,0
                77.5736387,12.8666304,0
                77.5716647,12.871316,0
                77.5715789,12.8763363,0
                77.5628245,12.8805197,0
                77.551667,12.880687,0
                77.542226,12.8739935,0
                77.5399945,12.8681366,0
                77.538278,12.8574264,0
                77.5435994,12.8497283,0
                77.5485774,12.8444565,0
                77.5497788,12.8375109,0
                77.5547568,12.834331,0
              </coordinates>
            </LinearRing>
          </outerBoundaryIs>
        </Polygon>
      </Placemark>
      <Placemark>
        <name>Kishan Kumar R</name>
        <description><![CDATA[2 pm to 9 pm<br>monday off<br>kannada, hindi, tamil, english<br>swift vdi 2008]]></description>
        <styleUrl>#icon-1899-0288D1</styleUrl>
        <Point>
          <coordinates>
            77.6163277,12.8780241,0
          </coordinates>
        </Point>
      </Placemark>
      <Placemark>
        <name>Kishan Kumar R</name>
        <description><![CDATA[2 pm to 9 pm<br>monday off<br>kannada, tamil,<br>swift vdi 2008]]></description>
        <styleUrl>#poly-CE93D8-1-87</styleUrl>
        <Polygon>
          <outerBoundaryIs>
            <LinearRing>
              <tessellate>1</tessellate>
              <coordinates>
                77.6233977,12.8673558,0
                77.6254576,12.8717904,0
                77.6276891,12.879739,0
                77.6288049,12.8913269,0
                77.6271741,12.8990657,0
                77.6222168,12.9019726,0
                77.6145989,12.9040428,0
                77.6086546,12.9026409,0
                77.6023669,12.9008207,0
                77.5960186,12.8894443,0
                77.5954178,12.8764759,0
                77.5992822,12.8702496,0
                77.6043524,12.864872,0
                77.6167032,12.8644272,0
                77.6233977,12.8673558,0
              </coordinates>
            </LinearRing>
          </outerBoundaryIs>
        </Polygon>
      </Placemark>
      <Placemark>
        <name>Raju</name>
        <styleUrl>#icon-1899-0288D1-nodesc</styleUrl>
        <Point>
          <coordinates>
            77.62571,12.8891379,0
          </coordinates>
        </Point>
      </Placemark>
      <Placemark>
        <name>Raju</name>
        <description><![CDATA[6AM TO 9 PM<br>KANNAD,ENGLISH, HINDI<br>SWIFT 2026<br>SANDAY OFF]]></description>
        <styleUrl>#poly-E65100-1-0</styleUrl>
        <Polygon>
          <outerBoundaryIs>
            <LinearRing>
              <tessellate>1</tessellate>
              <coordinates>
                77.6179587,12.8877551,0
                77.6186013,12.8828595,0
                77.6222843,12.8788669,0
                77.6256498,12.8773037,0
                77.6300493,12.8771055,0
                77.6355228,12.877172,0
                77.6385336,12.8789729,0
                77.6405497,12.8812639,0
                77.6389718,12.8885534,0
                77.6362624,12.8944389,0
                77.6335137,12.8981081,0
                77.6305116,12.9019844,0
                77.6265222,12.904404,0
                77.6224699,12.903219,0
                77.6191918,12.9000096,0
                77.6168142,12.896125,0
                77.6179587,12.8877551,0
              </coordinates>
            </LinearRing>
          </outerBoundaryIs>
        </Polygon>
      </Placemark>
      <Placemark>
        <name>Nirmal S</name>
        <description><![CDATA[Morning 8 AM - 12 PM<br>Afternoon 1 PM - 3:30 PM<br><br>Sunday off<br>Car Swift 2019<br>Language - Kannada, Hindi, Tamil, English]]></description>
        <styleUrl>#poly-F9A825-1200-77</styleUrl>
        <Polygon>
          <outerBoundaryIs>
            <LinearRing>
              <tessellate>1</tessellate>
              <coordinates>
                77.5856791,12.9054708,0
                77.5743529,12.8989252,0
                77.5713121,12.8863578,0
                77.5770913,12.8756479,0
                77.5828706,12.8714643,0
                77.595173,12.8704416,0
                77.6061153,12.8771095,0
                77.6078377,12.8862649,0
                77.6058682,12.8948393,0
                77.5980293,12.9044622,0
                77.5856791,12.9054708,0
              </coordinates>
            </LinearRing>
          </outerBoundaryIs>
        </Polygon>
      </Placemark>
      <Placemark>
        <name>Pratheesh sohan d souza</name>
        <description><![CDATA[6 am to 12:30 am <br>2:30 pm 7 pm<br>sundays off <br>ritz 2014<br>hindi kannada and english (manageable). ]]></description>
        <styleUrl>#poly-006064-1200-77</styleUrl>
        <Polygon>
          <outerBoundaryIs>
            <LinearRing>
              <tessellate>1</tessellate>
              <coordinates>
                77.7153562,12.9807942,0
                77.7063917,12.9791214,0
                77.6984762,12.9746607,0
                77.7030538,12.967133,0
                77.701814,12.9573746,0
                77.6993345,12.9467793,0
                77.7149843,12.9464726,0
                77.7183698,12.9576069,0
                77.7226995,12.9691776,0
                77.726991,12.9794931,0
                77.7153562,12.9807942,0
              </coordinates>
            </LinearRing>
          </outerBoundaryIs>
        </Polygon>
      </Placemark>
      <Placemark>
        <name>Rajesh M T</name>
        <description><![CDATA[6 am to 7 pm<br>monday off<br>hindi , english , kannada, malayalm , tamil <br>brezza 2022]]></description>
        <styleUrl>#icon-1899-0288D1</styleUrl>
        <Point>
          <coordinates>
            77.569603,13.0565688,0
          </coordinates>
        </Point>
      </Placemark>
      <Placemark>
        <name>Suresh Babu</name>
        <description><![CDATA[7 am to 8 pm<br>sunday off<br>alto k10 2026<br>hindi kannada, tamil, and english ]]></description>
        <styleUrl>#icon-1899-0288D1</styleUrl>
        <Point>
          <coordinates>
            77.6100606,12.9846985,0
          </coordinates>
        </Point>
      </Placemark>
      <Placemark>
        <name>Suresh Babu</name>
        <description><![CDATA[7 am to 8 pm<br>sunday off<br>alto k10 2026<br>hindi kannada, tamil, and english]]></description>
        <styleUrl>#poly-000000-1200-77</styleUrl>
        <Polygon>
          <outerBoundaryIs>
            <LinearRing>
              <tessellate>1</tessellate>
              <coordinates>
                77.6097115,12.9832243,0
                77.6159463,12.9797699,0
                77.624241,12.9803299,0
                77.6284708,12.9814498,0
                77.6330808,12.9830711,0
                77.6414673,12.9873688,0
                77.6495337,12.9904513,0
                77.6491167,12.9932785,0
                77.644171,13.0006795,0
                77.6408798,13.0044191,0
                77.6414318,13.0069744,0
                77.6404075,13.0090198,0
                77.6365835,13.0105418,0
                77.6342377,13.0126369,0
                77.6287275,13.0127143,0
                77.6241132,13.01268,0
                77.6133623,13.0079137,0
                77.6060338,13.0002793,0
                77.6046023,12.986153,0
                77.6097115,12.9832243,0
              </coordinates>
            </LinearRing>
          </outerBoundaryIs>
        </Polygon>
      </Placemark>
      <Placemark>
        <name>Prabhavathy Sadesh kumar</name>
        <description><![CDATA[6 PM to 9:30 PM<br>sunday off<br>englis. tamil, kannada,telagu <br>jimni 2023<br><br>10 class - 9000<br><br>LL + DL Service: ₹4,000 Extra<br><br>Total (Classes + LL + DL): ₹13,000 - 4 W Only and for 2 W - 2500 Extra - 15000 Final]]></description>
        <styleUrl>#poly-097138-1-97</styleUrl>
        <Polygon>
          <outerBoundaryIs>
            <LinearRing>
              <tessellate>1</tessellate>
              <coordinates>
                77.6456935,12.9854368,0
                77.6313407,12.9806509,0
                77.6282317,12.9709859,0
                77.6306207,12.9649963,0
                77.6347262,12.9636906,0
                77.6457888,12.9599731,0
                77.6570899,12.9602984,0
                77.6627642,12.9620642,0
                77.6652915,12.9701031,0
                77.6580436,12.9792105,0
                77.6528986,12.9826582,0
                77.6456935,12.9854368,0
              </coordinates>
            </LinearRing>
          </outerBoundaryIs>
        </Polygon>
      </Placemark>
      <Placemark>
        <name>Y Vamsi Krishna</name>
        <styleUrl>#icon-1899-0288D1-nodesc</styleUrl>
        <Point>
          <coordinates>
            77.6564966,13.0229692,0
          </coordinates>
        </Point>
      </Placemark>
      <Placemark>
        <name>Y Vamsi Krishna</name>
        <description><![CDATA[8am to 8 pm<br>sunday off<br>1 pm to 2pm break<br>Hyundai Xcent<br>english, hindi and kannada]]></description>
        <styleUrl>#poly-FFD600-1200-77</styleUrl>
        <Polygon>
          <outerBoundaryIs>
            <LinearRing>
              <tessellate>1</tessellate>
              <coordinates>
                77.6508293,13.0073978,0
                77.6561917,13.0096683,0
                77.6612109,13.0126079,0
                77.6658939,13.0161344,0
                77.667935,13.0194447,0
                77.6685171,13.0230058,0
                77.6693222,13.0295628,0
                77.6624805,13.0364248,0
                77.6520855,13.0401375,0
                77.6395886,13.0378953,0
                77.6332674,13.0338507,0
                77.6283478,13.0256854,0
                77.6304797,13.0184354,0
                77.6349385,13.0116398,0
                77.6435375,13.0081065,0
                77.6508293,13.0073978,0
              </coordinates>
            </LinearRing>
          </outerBoundaryIs>
        </Polygon>
      </Placemark>
      <Placemark>
        <name>Deepak B</name>
        <description><![CDATA[6 am to 9 am<br>10 am to 2 pm <br>4 pm to 9 pm<br>english kannada<br>ritz 2014]]></description>
        <styleUrl>#icon-1899-0288D1</styleUrl>
        <Point>
          <coordinates>
            77.5005333,12.9192277,0
          </coordinates>
        </Point>
      </Placemark>
      <Placemark>
        <name>Deepak B</name>
        <description><![CDATA[6 am to 9 am<br>10 am to 2 pm <br>4 pm to 9 pm<br>english kannada<br>ritz 2014]]></description>
        <styleUrl>#poly-000000-1200-82</styleUrl>
        <Polygon>
          <outerBoundaryIs>
            <LinearRing>
              <tessellate>1</tessellate>
              <coordinates>
                77.4891715,12.9231035,0
                77.490259,12.9153527,0
                77.4938717,12.907601,0
                77.5026477,12.9016494,0
                77.5178695,12.9012818,0
                77.5270396,12.9053906,0
                77.5330618,12.91468,0
                77.5345674,12.9245563,0
                77.5301207,12.9315463,0
                77.5220017,12.9363389,0
                77.5095011,12.9358526,0
                77.4964722,12.9314745,0
                77.4891715,12.9231035,0
              </coordinates>
            </LinearRing>
          </outerBoundaryIs>
        </Polygon>
      </Placemark>
      <Placemark>
        <name>Abdul Salam </name>
        <description><![CDATA[6 am to 9 am<br>6 pm to 9 pm<br>friday off<br>i10<br>hindi, english,kannada]]></description>
        <styleUrl>#icon-1899-0288D1</styleUrl>
        <Point>
          <coordinates>
            77.6475227,12.9614491,0
          </coordinates>
        </Point>
      </Placemark>
      <Placemark>
        <name>Abdul Salam</name>
        <description><![CDATA[6 am to 9 am<br>6 pm to 9 pm<br>friday off<br>i10<br>hindi, english,kannada]]></description>
        <styleUrl>#poly-000000-1200-0</styleUrl>
        <Polygon>
          <outerBoundaryIs>
            <LinearRing>
              <tessellate>1</tessellate>
              <coordinates>
                77.630467,12.971025,0
                77.6337393,12.958597,0
                77.6452375,12.945714,0
                77.6677749,12.9475443,0
                77.6791487,12.9545244,0
                77.6783471,12.9701332,0
                77.670014,12.9821471,0
                77.6596558,12.9886697,0
                77.6481423,12.9852238,0
                77.6301381,12.9777654,0
                77.630467,12.971025,0
              </coordinates>
            </LinearRing>
          </outerBoundaryIs>
        </Polygon>
      </Placemark>
      <Placemark>
        <name>Mathi Manohar
</name>
        <description><![CDATA[6 AM TO 9 AM<br>5 PM TO 9 PM<br>SAT AND SUN OFF<br>ENGLISH HINDI <br>TRIBER 2019]]></description>
        <styleUrl>#icon-1899-0288D1</styleUrl>
        <Point>
          <coordinates>
            77.7046902,12.9617083,0
          </coordinates>
        </Point>
      </Placemark>
      <Placemark>
        <name>Mathi Manohar</name>
        <description><![CDATA[6 AM TO 9 AM<br>5 PM TO 9 PM<br>SAT AND SUN OFF<br>ENGLISH HINDI <br>TRIBER 2019<br><br>10 class - 9000<br><br>LL + DL Service: ₹4,000 Extra<br><br>Total (Classes + LL + DL): ₹13,000 - 4 W Only and for 2 W - 2500 Extra - 15000 Final]]></description>
        <styleUrl>#poly-880E4F-1200-92</styleUrl>
        <Polygon>
          <outerBoundaryIs>
            <LinearRing>
              <tessellate>1</tessellate>
              <coordinates>
                77.7015937,12.9606182,0
                77.7018014,12.9584263,0
                77.7026759,12.9537046,0
                77.7070715,12.9497203,0
                77.7123153,12.948509,0
                77.7193148,12.9500406,0
                77.7226512,12.9525851,0
                77.7253869,12.9569698,0
                77.7280493,12.9682756,0
                77.7249841,12.9746539,0
                77.7180753,12.9764879,0
                77.7105216,12.9761332,0
                77.7067738,12.974282,0
                77.7032811,12.9703131,0
                77.7021022,12.9669609,0
                77.7015,12.9621696,0
                77.7015937,12.9606182,0
              </coordinates>
            </LinearRing>
          </outerBoundaryIs>
        </Polygon>
      </Placemark>
      <Placemark>
        <name>Santhosh </name>
        <description><![CDATA[6 am to 7 pm<br>Tuesday off<br>hindi, kannada and eng manageable  <br>belano zeta 2026]]></description>
        <styleUrl>#icon-1899-0288D1</styleUrl>
        <Point>
          <coordinates>
            77.4959226,12.9996271,0
          </coordinates>
        </Point>
      </Placemark>
      <Placemark>
        <name>Mohammed Rafi</name>
        <description><![CDATA[6 am to 9 pm<br>friday off<br>eng, hindi, kannada, tamil ,telagu ,<br>etios liva 2012]]></description>
        <styleUrl>#icon-1899-0288D1</styleUrl>
        <Point>
          <coordinates>
            77.704857,12.9962668,0
          </coordinates>
        </Point>
      </Placemark>
      <Placemark>
        <name>Mohammed Rafi</name>
        <description><![CDATA[6 am to 9 pm<br>friday off<br>eng, hindi, kannada, tamil ,telagu ,<br>etios liva 2012<br><br>Not available from 2nd oct - 15th oct]]></description>
        <styleUrl>#poly-000000-1200-77</styleUrl>
        <Polygon>
          <outerBoundaryIs>
            <LinearRing>
              <tessellate>1</tessellate>
              <coordinates>
                77.6935867,13.0043782,0
                77.6889721,13.0004262,0
                77.6869206,12.9943455,0
                77.6891203,12.9894145,0
                77.6923499,12.9848178,0
                77.6981973,12.9754881,0
                77.7056624,12.9764899,0
                77.7115611,12.9770309,0
                77.7223787,12.9784868,0
                77.7271274,12.9803697,0
                77.7286148,12.9852635,0
                77.7294122,12.9914233,0
                77.7296892,12.9952073,0
                77.7238059,13.0030016,0
                77.712929,13.0046806,0
                77.708476,13.0049073,0
                77.7028214,13.0055522,0
                77.6972466,13.0057443,0
                77.6935867,13.0043782,0
              </coordinates>
            </LinearRing>
          </outerBoundaryIs>
        </Polygon>
      </Placemark>
      
      <Placemark>
        <name>Madhusudana B S</name>
        <styleUrl>#icon-1899-0288D1-nodesc</styleUrl>
        <Point>
          <coordinates>
            77.5365592,12.8932469,0
          </coordinates>
        </Point>
      </Placemark>
      <Placemark>
        <name>Madhusudana B S</name>
        <description><![CDATA[6 am to 6 pm flexible <br>Sundays off <br>Kannada ,english, hindi , telagu, tamil .<br>alto- lxi 2008<br>computer engineer . ]]></description>
        <styleUrl>#poly-000000-1200-77</styleUrl>
        <Polygon>
          <outerBoundaryIs>
            <LinearRing>
              <tessellate>1</tessellate>
              <coordinates>
                77.5332232,12.8932249,0
                77.5406547,12.8908594,0
                77.5503691,12.8908199,0
                77.5618002,12.8931228,0
                77.5675961,12.8961976,0
                77.5715038,12.8997743,0
                77.5696845,12.9080898,0
                77.5670339,12.9130617,0
                77.5619573,12.9176956,0
                77.5530203,12.9178867,0
                77.5478509,12.9182221,0
                77.5423382,12.9181392,0
                77.5375878,12.9158547,0
                77.5321063,12.9130333,0
                77.5298442,12.906592,0
                77.5300176,12.8982667,0
                77.5332232,12.8932249,0
              </coordinates>
            </LinearRing>
          </outerBoundaryIs>
        </Polygon>
      </Placemark>
      <Placemark>
        <name>Yuvaraj M</name>
        <description><![CDATA[6 am to 6 pm<br>1pm to 2 pm break<br>Tuesday off<br>hindi, kannada, telagu,<br>swift 2020]]></description>
        <styleUrl>#poly-000000-1200-77</styleUrl>
        <Polygon>
          <outerBoundaryIs>
            <LinearRing>
              <tessellate>1</tessellate>
              <coordinates>
                77.6599777,12.9214552,0
                77.6659179,12.9147412,0
                77.6822701,12.9130781,0
                77.6895022,12.9146307,0
                77.6958761,12.9183583,0
                77.700978,12.9242725,0
                77.705222,12.9315251,0
                77.7069016,12.9382987,0
                77.7034743,12.9426465,0
                77.6985394,12.9449323,0
                77.6995697,12.9492256,0
                77.695723,12.9493577,0
                77.6891656,12.9496623,0
                77.6826512,12.949214,0
                77.6758881,12.9494048,0
                77.670529,12.9480795,0
                77.6779471,12.9404323,0
                77.6768496,12.9320706,0
                77.6669118,12.9312376,0
                77.6628295,12.9279753,0
                77.6599777,12.9214552,0
              </coordinates>
            </LinearRing>
          </outerBoundaryIs>
        </Polygon>
      </Placemark>
      <Placemark>
        <name>Yuvaraj M</name>
        <description><![CDATA[6 am  to 6 pm<br>1pm to 2 pm break<br>Tuesday off<br>hindi, kannada, telagu,<br>swift 2020<br> ]]></description>
        <styleUrl>#icon-1899-0288D1</styleUrl>
        <Point>
          <coordinates>
            77.6376188,12.9141497,0
          </coordinates>
        </Point>
      </Placemark>
      <Placemark>
        <name>Siddeshwara CS</name>
        <description><![CDATA[5:30 am to 9:00 am<br>6:30 pm to 9:30 pm<br>Tuesday full day working<br>english , hindi, kannada<br>duster 2016]]></description>
        <styleUrl>#icon-1899-0288D1</styleUrl>
        <Point>
          <coordinates>
            77.6495159,12.8904493,0
          </coordinates>
        </Point>
      </Placemark>
      <Placemark>
        <name>Siddeshwara CS</name>
        <description><![CDATA[5:30 am to 9:00 am<br>6:30 pm to 9:30 pm<br>Tuesday full day working<br>english , hindi, kannada<br>duster 2016]]></description>
        <styleUrl>#poly-097138-1200-112</styleUrl>
        <Polygon>
          <outerBoundaryIs>
            <LinearRing>
              <tessellate>1</tessellate>
              <coordinates>
                77.6424661,12.8868565,0
                77.6484379,12.8855777,0
                77.6550595,12.8855777,0
                77.6662026,12.8920125,0
                77.6720154,12.9000337,0
                77.6737399,12.9102703,0
                77.6666157,12.9185785,0
                77.6557519,12.9229112,0
                77.6491552,12.9237378,0
                77.6456539,12.9221803,0
                77.641144,12.9172299,0
                77.6372182,12.9136133,0
                77.6336262,12.9076573,0
                77.63524,12.8984344,0
                77.6389939,12.8915429,0
                77.6424661,12.8868565,0
              </coordinates>
            </LinearRing>
          </outerBoundaryIs>
        </Polygon>
      </Placemark>
      <Placemark>
        <name>Narasimhareddy</name>
        <description><![CDATA[6:00AM to 10:00 AM<br>Wagon R 2002<br>hindi, kannada,tamil,telagu and english (manageable)]]></description>
        <styleUrl>#poly-000000-1200-77</styleUrl>
        <Polygon>
          <outerBoundaryIs>
            <LinearRing>
              <tessellate>1</tessellate>
              <coordinates>
                77.5940458,13.0879414,0
                77.597804,13.0877062,0
                77.6035965,13.0929492,0
                77.6099044,13.1027134,0
                77.6114684,13.1070601,0
                77.6119166,13.1127441,0
                77.6138552,13.1185806,0
                77.6106544,13.124253,0
                77.6050503,13.1267491,0
                77.5909197,13.127799,0
                77.5798789,13.1239171,0
                77.5756319,13.1203638,0
                77.5727583,13.1159746,0
                77.5689653,13.1079365,0
                77.5679193,13.1039399,0
                77.5673024,13.0982713,0
                77.5707325,13.0929531,0
                77.5755358,13.090728,0
                77.5862726,13.0879576,0
                77.5940458,13.0879414,0
              </coordinates>
            </LinearRing>
          </outerBoundaryIs>
        </Polygon>
      </Placemark>
      <Placemark>
        <name>Narasimhareddy</name>
        <description><![CDATA[6:00AM to 10:00 AM<br>4:00 PM to 7:00 PM<br>Wagon R 2002<br>hindi, kannada,tamil,telagu and english (manageable)]]></description>
        <styleUrl>#icon-1899-0288D1</styleUrl>
        <Point>
          <coordinates>
            77.6108828,13.1117284,0
          </coordinates>
        </Point>
      </Placemark>
      <Placemark>
        <name>Mohan Kumar K S</name>
        <description><![CDATA[6 am to 6 pm <br>1 to 2 break<br>sunday off<br>hindi kannada , tamil, telagu , english <br>etios liv ]]></description>
        <styleUrl>#icon-1899-0288D1</styleUrl>
        <Point>
          <coordinates>
            77.5986335,12.889708,0
          </coordinates>
        </Point>
      </Placemark>
      <Placemark>
        <name>Mohan Kumar K S
</name>
        <description><![CDATA[6 am to 6 pm <br>1 to 2 break<br>sunday off<br>hindi kannada , tamil, telagu , english <br>etios liv ]]></description>
        <styleUrl>#poly-000000-1200-0</styleUrl>
        <Polygon>
          <outerBoundaryIs>
            <LinearRing>
              <tessellate>1</tessellate>
              <coordinates>
                77.5960186,12.8894443,0
                77.5965355,12.8821709,0
                77.5994655,12.8755298,0
                77.6070668,12.8716998,0
                77.6162838,12.8713641,0
                77.6243881,12.8721567,0
                77.6288816,12.8799934,0
                77.6324362,12.8902437,0
                77.6298745,12.9011744,0
                77.6248502,12.9051284,0
                77.6190614,12.9049266,0
                77.6098648,12.903883,0
                77.6042732,12.9020025,0
                77.5998363,12.8991858,0
                77.5960994,12.892209,0
                77.5960186,12.8894443,0
              </coordinates>
            </LinearRing>
          </outerBoundaryIs>
        </Polygon>
      </Placemark>
      
      
      <Placemark>
        <name>Syed Alishan</name>
        <description><![CDATA[Timings:  6 AM to 9 AM<br>5 PM to 8 PM]]></description>
        <styleUrl>#icon-1899-0288D1</styleUrl>
        <Point>
          <coordinates>
            76.6913586,12.3274587,0
          </coordinates>
        </Point>
      </Placemark>
      <Placemark>
        <name>Ameen / Arokia
</name>
        <description>6 AM - 10 AM</description>
        <styleUrl>#icon-1899-0288D1</styleUrl>
        <Point>
          <coordinates>
            77.66631,12.9903,0
          </coordinates>
        </Point>
      </Placemark>
    </Folder>
    <Folder>
      <name>Untitled layer</name>
    </Folder>
    <Folder>
      <name>Untitled layer</name>
    </Folder>
    <Folder>
      <name>Untitled layer</name>
    </Folder>
    <Folder>
      <name>Untitled layer</name>
    </Folder>
    <Folder>
      <name>Untitled layer</name>
    </Folder>
    <Folder>
      <name>Untitled layer</name>
    </Folder>
    <Folder>
      <name>Non-demand blackout</name>
      
      
      
      
      
      
      
      
      
      
      
      
      
      
    </Folder>
  </Document>
</kml>
